Bearing C-x,Bearing C-y,Label
0.1317909565896772,0.13321670980028352,0
0.13096054494848425,0.13210405781532358,0
0.1320501489330533,0.13276200009766176,0
0.1303487474974361,0.13129400849650874,0
0.1295447043312664,0.13272249621563664,0
0.13147678109282604,0.13397182479613284,0
0.1318191806240541,0.13320259778309554,0
0.13132609014112126,0.13301538161043036,0
0.1318694272181253,0.13384716050588527,0
0.1310356951023005,0.1324447482787248,0
0.1312729625469995,0.1323127594120812,0
0.1321958591728114,0.1338941354558325,0
0.1309190390155766,0.13186332340446308,0
0.13050896039845608,0.13160378924752264,0
0.13200673861028334,0.13346179012647094,0
0.13069769031691011,0.13308286537428554,0
0.12975975389423278,0.13245485619415098,0
0.13179427706431052,0.1332147077494023,0
0.13070638214756544,0.13151521070364727,0
0.13151716392402002,0.13428819766590064,0
0.1318135162849742,0.13300717808486828,0
0.1311135309341276,0.1322954734117887,0
0.13081683675960734,0.1336316226378237,0
0.13122364373260467,0.13181302797988115,0
0.13188041408271928,0.13405698520435594,0
0.13155515406025686,0.13362439572244836,0
0.1323001123101716,0.13356316226378234,0
0.13100156257629822,0.13354690170418448,0
0.1302386835294689,0.13126031544509068,0
0.13121251037648293,0.1334122759900379,0
0.13135763465012962,0.13142975731236928,0
0.13230499536110185,0.13301396552566122,0
0.13169979002881108,0.13393529957517522,0
0.13037379754870804,0.1332449338346599,0
0.13037233263342946,0.13214776112114934,0
0.13229708481859465,0.13368963328287506,0
0.13125792275013412,0.13319468724058814,0
0.13116826993505615,0.13311797451047436,0
0.13131764246301106,0.13312061135797582,0
0.13055906050100186,0.13301826261048064,0
0.13194589579569188,0.13317476439279308,0
0.13249489721177773,0.1333138825137954,0
0.13146335270276818,0.13341579178670804,0
0.1318391523023593,0.13262874163777522,0
0.1317538942331171,0.13398725523707328,0
0.13069939938473552,0.1318146393866898,0
0.1315998828067779,0.13185189706528688,0
0.13114937252795555,0.1333104155476343,0
0.13167093119781248,0.13316753747741614,0
0.13165799111284815,0.13317398310464332,0
0.13176673665706246,0.13399653303384107,0
0.13102597783094924,0.13332052346305912,0
0.1318219639630838,0.13326661458079084,0
0.13178700131842327,0.1342155866985702,0
0.13122383905464075,0.13333268225987627,0
0.13116289857903152,0.13193080716831826,0
0.13207427120464946,0.1338428145905567,0
0.13121426827481855,0.13290585477806593,0
0.13219170857952078,0.13477577030128512,0
0.13183070462424906,0.13381361394599325,0
0.13040954148151845,0.13275789833488005,0
0.13010259290004347,0.13156902192489947,0
0.1319189901850671,0.13365637970604122,0
0.13147609746569708,0.13293085599882873,0
0.1310478050686071,0.13261438546804027,0
0.13178099516577946,0.13273817080912234,0
0.13090224132037742,0.13225880169930182,0
0.13113838566336247,0.1335365496362121,0
0.1311623126129205,0.1328498950144051,0
0.13120269544411395,0.1341408760193372,0
0.13113120757849572,0.13362205185800052,0
0.13156814297573038,0.13341252014258562,0
0.13177679574197926,0.13230079593730232,0
0.13126568680111428,0.1319174276087703,0
0.13360046877288975,0.13418985302016714,0
0.1308524342008883,0.13264661360417998,0
0.13187133160798836,0.13271815030030715,0
0.13212310171395147,0.1339357878802673,0
0.13174774158894478,0.13291737877826162,0
0.13095370867718212,0.1329418428634226,0
0.13253708677181433,0.13355383563650536,0
0.1321449289516095,0.13483265784462187,0
0.13208540456076975,0.13317085795204886,0
0.1320461936618008,0.13317901264710305,0
0.13278895453879647,0.135057864153524,0
0.13234703842961235,0.1335167732799459,0
0.1326979832999653,0.1331604082230576,0
0.1324553933297525,0.13431944919185426,0
0.13154616924654491,0.1329525367449583,0
0.13272776991063984,0.1326089652815084,0
0.13281219786122458,0.13534259485326433,0
0.131393769227013,0.1335685336198064,0
0.13106816739098684,0.1323054836661947,0
0.13164617412959706,0.1332964500219749,0
0.1316913423507006,0.1329599101518633,0
0.1322513794618878,0.13362644660383827,0
0.1320441916109186,0.13445011963474762,0
0.1320643097807512,0.1337968650813046,0
0.13152727183944607,0.13337306509106853,0
0.13093031886322726,0.133879339811515,0
0.13111841398505775,0.133418086820646,0
0.13151613848332458,0.1341281800869191,0
0.1326489574686265,0.1341909272913712,0
0.1316128717222522,0.13329537575076927,0
0.13154529029737702,0.13281410225108709,0
0.13236852385370482,0.13458025294203887,0
0.1328034083695496,0.13417510620635853,0
0.13199624005078375,0.1335383563650568,0
0.1324954831778901,0.1341716880707064,0
0.13187890033692987,0.1335164802968893,0
0.13178387616582804,0.1340538600517612,0
0.13297885638947207,0.13388974070999546,0
0.13082108501391815,0.1333820499047806,0
0.1320013672542606,0.13334708726012076,0
0.13222891742760906,0.13358772400996266,0
0.13115083744323502,0.13360925826456482,0
0.13171209531715394,0.13338820254895298,0
0.13313486986669232,0.13484130084476756,0
0.1324328336344547,0.13356047658577078,0
0.132468626397774,0.13452019141559654,0
0.13299365203379038,0.1343482591923443,0
0.13237379754870862,0.13378040919966874,0
0.1320573758484297,0.13421880951218415,0
0.13206953464524687,0.13464153523121253,0
0.1317271839445292,0.1326296694174527,0
0.1327413447922265,0.13495917769422355,0
0.13250637238146434,0.1334629132281856,0
0.1310845256116017,0.13210010254406915,0
0.13188124420137676,0.1331126519849603,0
0.13316382635870874,0.1360498071194881,0
0.13254089555154025,0.13383475755652066,0
0.13193539723619402,0.13388725035402116,0
0.13273861028370626,0.1344556863128082,0
0.13219756824063786,0.13456584794179394,0
0.13185995409932216,0.1329780262708149,0
0.13271053274085706,0.13510107915425612,0
0.13249938961863408,0.134165974901119,0
0.1319150837443235,0.13334982176864038,0
0.13215318130768094,0.13437565310806265,0
0.13209053176424645,0.13451096244933886,0
0.1311903413252597,0.1345662874163782,0
0.1322582157331907,0.1347250354021191,0
0.1327048684017766,0.1347282582157336,0
0.13298359294887474,0.13438380780311546,0
0.13379715806435807,0.1358335856242974,0
0.13237692270130402,0.13455915816201916,0
0.1337098491137273,0.13473035792763358,0
0.13285282484496327,0.13520958054592494,0
0.13266160457053616,0.1343905952439093,0
0.13168343180819458,0.13237286976903126,0
0.13184769764148593,0.1319985839152308,0
0.13230748571707673,0.1340662141706143,0
0.13166243468919442,0.13354812246691758,0
0.1329037550661656,0.1336754236046681,0
0.1314892817032088,0.13448723082181768,0
0.1314802968894972,0.13435016358220586,0
0.1322019141559645,0.13314932369744684,0
0.13056179500952292,0.13357214707749465,0
0.13263928902778493,0.13452795546657514,0
0.13254944089066886,0.13517911030812074,0
0.13215967576541796,0.13548469163533405,0
0.1314394257532113,0.13284979735338645,0
0.13238414961668066,0.13466575516382698,0
0.13188602959128884,0.13462669075638478,0
0.13151223204257906,0.13373001611406884,0
0.13188544362517735,0.13535885541286244,0
0.13118687435909915,0.13508232823868346,0
0.13220523463059802,0.1343994823966016,0
0.13372283802920207,0.13496542799941444,0
0.13227672249621622,0.1342034767322617,0
0.131726939791982,0.13542809707505302,0
0.13327623419112306,0.13522701303774595,0
0.13188060940475665,0.13438522388788554,0
0.13287059915034874,0.13414463596855294,0
0.1325901655354267,0.13439601543044175,0
0.13206597001806766,0.1343550466331362,0
0.132165535426535,0.1342803847844133,0
0.13248723082181696,0.13398583915230278,0
0.13190419454075014,0.13498657160994265,0
0.1323306802089954,0.1341917574100294,0
0.1328581473704766,0.13551950778846536,0
0.13193666682943533,0.1342812149030706,0
0.13107515015381566,0.13292084574442087,0
0.13212837540895472,0.13457512573856226,0
0.13140426778651335,0.13293466477855426,0
0.1318866155574013,0.13301401435616989,0
0.13327008154695014,0.13474720445334232,0
0.1325950974168667,0.13465437765515975,0
0.13139572244738465,0.13381771570877635,0
0.1325523218907174,0.134293666682944,0
0.1322089457493049,0.13518824161336038,0
0.13251047414424622,0.13388510181161242,0
0.13228321695395334,0.13419292934225285,0
0.13233976268372452,0.13390688021876065,0
0.1323923531422432,0.1344535377704001,0
0.13369852043556815,0.13610439962888904,0
0.13135109136188278,0.13451213438156215,0
0.1311356023243329,0.13254050490746644,0
0.13230489770008347,0.13530802285267887,0
0.13175657991112846,0.13428204502172922,0
0.13171741784266852,0.13404428927193618,0
0.13345563748229874,0.13392773084623374,0
0.13196391425362633,0.13343180819375974,0
0.13228702573367954,0.13455866985692638,0
0.132870354997803,0.13583949411592502,0
0.13086683920113348,0.1336495434347387,0
0.1323698422774562,0.1341838468675231,0
0.13417911030812055,0.13498129791493746,0
0.13157190292494772,0.13414893305337175,0
0.1324455783973831,0.1358895453879583,0
0.1327587772840472,0.1343707700571317,0
0.13147223985546286,0.1336357732311148,0
0.13273553396161986,0.13519351530836354,0
0.13230846232726293,0.1349166463206219,0
0.13221807705454305,0.13456272278919948,0
0.1315414326871429,0.13430465354753626,0
0.1322362420040035,0.1351751062063586,0
0.1317007178084865,0.13389833487963335,0
0.13247536500805668,0.1337626837247914,0
0.13203120269544405,0.13420162117290976,0
0.13229884271693013,0.13341208066800206,0
0.13263215977342604,0.13354636456858296,0
0.1315631134332736,0.13421465891889273,0
0.13187860735387436,0.13335973436202925,0
0.13152732066995526,0.13396381659260634,0
0.13241037160017707,0.13464431857024384,0
0.1312711069876462,0.13455574002636925,0
0.132554226280581,0.13396074027052174,0
0.13181224669173364,0.13389413545583356,0
0.13163904487523767,0.13453479173787852,0
0.13114155964646718,0.13471106987645895,0
0.1324725328385176,0.13524757068216306,0
0.13176283021632007,0.13428370525904595,0
0.13145256116021348,0.13327354851311174,0
0.1331700766638999,0.13455666780604508,0
0.13124439669905807,0.1325765418233322,0
0.13171888275794774,0.1343406416328925,0
0.13151066946628273,0.1338180575223396,0
0.1315622833146147,0.13379364226768972,0
0.13274573953806304,0.13429811025929048,0
0.13313438156160046,0.13478050686068724,0
0.13122877093608148,0.13381019581034226,0
0.1321954196982279,0.13322613408857933,0
0.13230235851359887,0.1356286928072658,0
0.13163684750231927,0.1336077445187749,0
0.13173543630060025,0.13317535035890382,0
0.13243444504126234,0.13546984716050578,0
0.13033395185311808,0.13340460960007816,0
0.13144133014307313,0.13302456174617966,0
0.13267073587577524,0.13460159187460313,0
0.1309533668636174,0.13315059329068835,0
0.13119458957956898,0.1327719126910493,0
0.13235450949753388,0.13398886664387946,0
0.13103012842424006,0.1339050246594068,0
0.13090858928658658,0.13372410762244327,0
0.1317247912495732,0.1357497436398261,0
0.13104985594999766,0.13301782313589453,0
0.13228370525904665,0.13382782362420054,0
0.1318585868450611,0.13472073831730078,0
0.13104116411934275,0.1337292836564277,0
0.13305210215342508,0.1337479369109819,0
0.13135856242980756,0.13618301674886432,0
0.13114087601933772,0.1335214610088383,0
0.13067679085892864,0.1342388300209972,0
0.13169451633380605,0.1335486107720103,0
0.13027857805556886,0.13445153571951798,0
0.13048156648273793,0.13347536500805704,0
0.13117930563015864,0.13465354753650108,0
0.13119234337614094,0.13392997704966025,0
0.13095102299917072,0.13298901313540734,0
0.13130816934420575,0.1345474876702974,0
0.13169510229991688,0.13505185800088024,0
0.1312270618682551,0.13272967430050295,0
0.131621026417306,0.13436002734508565,0
0.12956360173836606,0.1328621026417314,0
0.13174959714829884,0.13305210215342586,0
0.1307650764197472,0.13375843547048336,0
0.13113706723961174,0.1336401191464424,0
0.13090990771033714,0.13376571121636907,0
0.13155676546706396,0.13520201181698396,0
0.1318338297768456,0.13272171492748733,0
0.13064031446847968,0.13208935983202258,0
0.13067361687582374,0.1342088480882859,0
0.1321443918160071,0.13466516919771476,0
0.13219278285072594,0.13527696664876251,0
0.13134977293813174,0.13431642170027838,0
0.13092358025294298,0.13415733190097162,0
0.13043166170223255,0.1318824649641105,0
0.13079823233556234,0.13436642414180328,0
0.1314759509741678,0.13312080668001453,0
0.13098090727086215,0.13351008350017174,0
0.1320717808486746,0.13527555056399312,0
0.13127515991991656,0.1331671956638505,0
0.13131363836124832,0.13348317788954586,0
0.13238654231163652,0.1344542213975287,0
0.1317291859954098,0.13450822794081765,0
0.13173553396161894,0.13372562136823096,0
0.13206899750964438,0.13439440402363473,0
0.1317893451828694,0.1326509106889992,0
0.13188446701499096,0.13473641291078742,0
0.13170584501196328,0.1341178280189465,0
0.13057297719615196,0.13360125006103848,0
0.13045324478734338,0.13337897358269507,0
0.13131319888666415,0.13330895063235598,0
0.1300885785438748,0.13315664827384222,0
0.13065447531617772,0.13341637775281914,0
0.13170999560525412,0.13509331510327666,0
0.1317500854533921,0.13419019483373185,0
0.13155271253479206,0.1345113530934124,0
0.13181200253918673,0.1353839054641342,0
0.13155935348405615,0.13238546804043202,0
0.13115503686703447,0.13329825675081766,0
0.1325230724156447,0.1364546608721125,0
0.12993456711753493,0.1328262122173942,0
0.1318168367596069,0.13369344206260006,0
0.1330373065091074,0.13521290102055786,0
0.13117842668098995,0.1341163142731579,0
0.1310275892377549,0.1331809658674752,0
0.13175965623321415,0.1346797695199961,0
0.12971209531715502,0.13278973582694564,0
0.1308223057766483,0.13354231163631172,0
0.13175721470774984,0.13462835099370146,0
0.13202153425460392,0.13456819180624136,0
0.13128160554714674,0.13346501294008506,0
0.13156677572147008,0.13418501879974604,0
0.13000976610186038,0.132967576541824,0
0.13185385028565913,0.1333630060061533,0
0.13149665511011316,0.13493837589726104,0
0.13159373016260567,0.1340703159333946,0
0.1304180379901364,0.13395707798232342,0
0.13208496508618692,0.1350258801699304,0
0.13200288100004853,0.13451540602568454,0
0.13120479515601371,0.1332200302749162,0
0.13264817618047894,0.133490893110015,0
0.1312717417842666,0.13287694711655768,0
0.13182767713267296,0.13515952927389072,0
0.13188793398115198,0.13468831485912364,0
0.13049655744909486,0.13248542409297362,0
0.13068484789296336,0.133653303383955,0
0.13167058938424805,0.13360540065432802,0
0.1315467063821481,0.13338375897260582,0
0.13140724644758028,0.13352995751745644,0
0.13200039064407418,0.13545446555007656,0
0.13106636066214214,0.13345060793984148,0
0.13108017969627514,0.13442624151569982,0
0.13282176864104722,0.13542511841398575,0
0.13123301919039024,0.13356159968748413,0
0.13166897797744026,0.13367952536745076,0
0.13198891547438768,0.13367239611309156,0
0.1314325894819085,0.13426178036036848,0
0.13144977782118286,0.13402290150886387,0
0.13256560378924787,0.13470193857122048,0
0.13199345671175375,0.13427179061477595,0
0.1308798769471168,0.13270726109673334,0
0.13155979295864104,0.13465374285853798,0
0.13113643244298992,0.13313902045998352,0
0.13176492992821934,0.13267972068948716,0
0.13066946628253231,0.13263572440060556,0
0.13097836808437896,0.13432516236144318,0
0.13070296401191436,0.1329636212705702,0
0.13108657649299374,0.13345304946530612,0
0.13063181795986245,0.13271614824942646,0
0.1311843351726169,0.13326231749597164,0
0.13065735631622644,0.13189779774402954,0
0.1307165388935007,0.13370999560525476,0
0.13142038185458302,0.13487782606572532,0
0.13126388007227033,0.13362180770545576,0
0.1300503930856008,0.13218189364715058,0
0.1301195370867716,0.1333671077689336,0
0.13050632355095407,0.13343210117681606,0
0.13185013916695187,0.13327662483519673,0
0.13065667268909706,0.13261145563748186,0
0.13278255774207695,0.13472420528346238,0
0.13177479369109854,0.13501713950876573,0
0.13015332779920893,0.13429049269983967,0
0.1305120367205429,0.13249553200839947,0
0.1306718101469806,0.13363367351921462,0
0.1303429366668304,0.13311607012061205,0
0.13099628888129294,0.1335540309585433,0
0.13138737243029458,0.13330284681869256,0
0.1306928560964889,0.13236896332828738,0
0.13060540065432827,0.13395868938913086,0
0.1304965086185848,0.13369349089311028,0
0.1298861760828159,0.13281009814932312,0
0.13226666341130064,0.1343057278187418,0
0.1318153230138191,0.1338914986083315,0
0.13121099663069558,0.13326246398749958,0
0.1320442892719371,0.1343643244299037,0
0.1326756677572151,0.13330406758142596,0
0.1293124664290238,0.13284076370916506,0
0.13185453391278856,0.13277699106401766,0
0.13090946823575528,0.13334313198886671,0
0.13115684359587867,0.1326724449436015,0
0.13106538405195545,0.1324572000585968,0
0.1301537672737926,0.13195190194833795,0
0.13113911812100099,0.1316792323843935,0
0.1325124761951267,0.13384095903120272,0
0.13202099711899998,0.13300156257629808,0
0.13133092436154112,0.13327779676742124,0
0.13204507056008533,0.13403525562771654,0
0.1308476488109766,0.13333868841252014,0
0.13086464182821458,0.1328733824893805,0
0.13176571121636804,0.1317049172322869,0
0.12987606816739075,0.13186913423507027,0
0.13084120318374934,0.13230279798818326,0
0.13211978123931892,0.13371766199521531,0
0.13140148444748462,0.13284838126861762,0
0.13018018457932495,0.1331844816641436,0
0.13157112163680001,0.13352282826309889,0
0.13036520337907204,0.1319137164900629,0
0.12942043068509199,0.13200332047463245,0
0.1324455295668733,0.13374432345329376,0
0.13048947702524466,0.13161379950193006,0
0.13015669710435146,0.13385204355681368,0
0.13109409639142433,0.13294301479564474,0
0.13111177303579288,0.13266077445187868,0
0.13058074124713134,0.13274813223301948,0
0.13244342985497282,0.13393676449045405,0
0.13116582840959004,0.13370306167293378,0
0.13194989989745576,0.13419854485082264,0
0.13149655744909386,0.13394071976170732,0
0.13113311196835747,0.13288124420137828,0
0.1310315445090092,0.13203247228868642,0
0.13262537233263474,0.1335745886029596,0
0.1299753894233113,0.1322510864788331,0
0.13048122466917292,0.13123497241076293,0
0.1318545827432974,0.1341098686459301,0
0.13103632989892086,0.1319153278968695,0
0.1315823038234282,0.13243131988866666,0
0.1314321011768141,0.133566726890962,0
0.13149743639826214,0.1317723521656347,0
0.13049382294057418,0.1319512183212074,0
0.12945895795693188,0.13049938961863405,0
0.13173099272425418,0.13510234874749638,0
0.13048034572000633,0.13331671468333522,0
0.13080379901362366,0.1322357048684017,0
0.1306040822305775,0.13189369598124878,0
0.13051687094096515,0.13238288002343926,0
0.1315575467552123,0.1332432247668342,0
0.1321199277308464,0.13321924898676712,0
0.1318792421504948,0.13325513941110345,0
0.13122774549538624,0.13234156941256794,0
0.1303587089213342,0.13226451486889007,0
0.13016949069778774,0.13259866204404475,0
0.13082953269202605,0.13339289027784598,0
0.1310484398652274,0.1320457053567067,0
0.13063191562088014,0.13250710483910366,0
0.13095854289760245,0.13245607695688286,0
0.13029019971678302,0.1325683382977686,0
0.1306362127056989,0.13274163777528214,0
0.13111626544264926,0.13305464133991018,0
0.1312210557156118,0.13234655012451746,0
0.1323976756677582,0.13295615020264692,0
0.13074774158894387,0.13262493285805094,0
0.13045612578739227,0.13389101030323644,0
0.12911470286635032,0.13255622833146175,0
0.1304236534987067,0.13112608037501808,0
0.13200063479662075,0.13266179989257385,0
0.1304475804482654,0.13335031007373346,0
0.13106680013672625,0.1329801748132233,0
0.13060784217979474,0.1329729478978465,0
0.13048684017774334,0.13182533326822646,0
0.1301633868841253,0.1313446457346552,0
0.13054094438204975,0.13271390204599945,0
0.13123223790224134,0.13277098491137213,0
0.13015591581620078,0.1321176815274183,0
0.13074661848723185,0.13280487328482882,0
0.12982914204795185,0.13373924508032675,0
0.13079569314908027,0.13245588163484667,0
0.1315720982469863,0.13343678890570793,0
0.13039347624395747,0.13207920308608853,0
0.13056946139948306,0.13178070218272508,0
0.13101167049172396,0.13222691537672782,0
0.1309745104741447,0.13330274915767334,0
0.12984701401435572,0.13212144147663446,0
0.13085795204843986,0.13201386786464195,0
0.13141774500708078,0.1323120269544413,0
0.13033595390399955,0.13173841496166802,0
0.13172093363933873,0.1331329166463209,0
0.13043708188876335,0.13235743932809232,0
0.13072601201230485,0.13288602959128878,0
0.13184862542116307,0.13325211191952802,0
0.13209458469651825,0.1338729918453047,0
0.1305880169930172,0.1322609502417113,0
0.1324744372283808,0.1335862102641736,0
0.13181776453928445,0.13354909907710366,0
0.12963562673958773,0.1313851750573754,0
0.13169319791005493,0.13328810000488284,0
0.13100883832218435,0.13226749352995756,0
0.1316145807900773,0.1342810195810344,0
0.13047985741491278,0.1322009863762889,0
0.1319788075589634,0.13251223204258047,0
0.13037931539625922,0.1320975633575862,0
0.13080028321695364,0.1334945553982129,0
0.1307538942331179,0.13247741588944778,0
0.1305573026026659,0.13281302797988198,0
0.13093359050734846,0.13339767566775834,0
0.13026671224180894,0.13103803896674568,0
0.13043698422774486,0.1323077787001315,0
0.13078084867425255,0.13298906196591653,0
0.1308307534547591,0.13208218174715713,0
0.1302664192587532,0.13236080863323396,0
0.13080477562381,0.13298085844035354,0
0.13145158455002606,0.1328683529469214,0
0.1310741247131211,0.13296410957566288,0
0.13077347526734706,0.13294950925338234,0
0.1315145759070276,0.13377918843693618,0
0.13175794716538838,0.13387777723521646,0
0.13046340153327776,0.13246056936374034,0
0.13093002588016914,0.13258489184042072,0
0.13007275745886115,0.13353205722935668,0
0.1305764441623128,0.1328678158113199,0
0.1318901313540702,0.13388178133697864,0
0.13023814639386694,0.1329387665413354,0
0.1308292885394793,0.1328108306069628,0
0.13180834025098914,0.13358718687435991,0
0.13076502758923844,0.1325896772303342,0
0.13111465403584222,0.13323834171590393,0
0.13063670101079145,0.13348644953366834,0
0.1313089018018455,0.13146432931295407,0
0.1297821182674938,0.13221910249523874,0
0.13176419747058013,0.13315581815518218,0
0.1307973045558873,0.132680794960691,0
0.1323542653449868,0.13342697397333889,0
0.13040304702378094,0.13303818545827378,0
0.13068875433370813,0.13321973729186,0
0.13118096586747455,0.13247560916060389,0
0.1311321841886803,0.1332117779188442,0
0.1307078470628444,0.13358288978954042,0
0.12942511841398485,0.13170647980858413,0
0.13047111675374742,0.1319593730162615,0
0.1296105278578052,0.1318985302016702,0
0.1301822354607163,0.13334127642951324,0
0.13120997119000027,0.13286112603154385,0
0.13026295229259247,0.1329584940670932,0
0.13100947311880598,0.1327047219102504,0
0.13110439962888834,0.13332218370037693,0
0.13070428243566598,0.13258064358611202,0
0.13096591630450655,0.1325549587382197,0
0.12987020850627495,0.13192826798183524,0
0.12994213584647776,0.1321897065286382,0
0.1308032130475116,0.133281947360711,0
0.13074261438546736,0.1329758288978946,0
0.13171522046974968,0.1339885248303148,0
0.1310198740172859,0.13151711509351066,0
0.1312200302749153,0.1324892817032072,0
0.12983964060745126,0.13253523121246305,0
0.13203086088187868,0.13169578592704753,0
0.1323642267688857,0.13386815762488624,0
0.13114922603642748,0.1328256750817913,0
0.1308387128277746,0.13288080472679348,0
0.1297879290981001,0.13153957712778908,0
0.13065960251965406,0.13344362517701094,0
0.13099169881341924,0.13318379803701302,0
0.13154270228038473,0.13356282045021842,0
0.13151701743249194,0.13322691537672698,0
0.13068958445236556,0.13261384833243794,0
0.12979847648811013,0.1332621710044432,0
0.13041471751550351,0.13244948483812735,0
0.13139176717613132,0.1332640265637973,0
0.130741979588848,0.13280101567459365,0
0.1316283998242108,0.13311353093412798,0
0.1314595927535529,0.1329766590165547,0
0.13242526490551354,0.13378206943698426,0
0.1313445969041462,0.13445710239757902,0
0.1310868206455392,0.13286600908247534,0
0.13111397040871234,0.13341066458323306,0
0.13108252356072178,0.13384086137018394,0
0.1321591874603248,0.13321959080033285,0
0.13124600810586526,0.13384012891254518,0
0.13211655842570402,0.1348268470140142,0
0.13046393866887993,0.13328136139459834,0
0.13241154353239842,0.13361555740026462,0
0.1321929293422532,0.1348923287269889,0
0.13086293276038935,0.13349196738122082,0
0.13121265686801167,0.13409819815420765,0
0.13156907075540802,0.13293319986327526,0
0.1299430147956445,0.1320287611699792,0
0.13126348942819516,0.13303828311929308,0
0.13320391620684666,0.13544826407539487,0
0.13052263294106053,0.1331875091557213,0
0.13019415010498528,0.1322478636652183,0
0.13127594120806788,0.13361799892572973,0
0.1317031593339529,0.1344489477025237,0
0.1323177889545389,0.1333535328873484,0
0.1314029493627622,0.13354113970408718,0
0.1300038576102347,0.13228453537770352,0
0.1311597734264374,0.13298828067776786,0
0.1337717661995208,0.13418023340983445,0
0.13091161677816254,0.13340392597294745,0
0.13087025733678348,0.13294950925338245,0
0.13339162068460472,0.1348714292690071,0
0.1315301528394942,0.132364959226526,0
0.13123306802089893,0.13316841642658278,0
0.1313401533277995,0.1329871087455441,0
0.13038483324381062,0.13313613945993402,0
0.1302995751745694,0.13248166414375726,0
0.13223004052932275,0.13427125347917349,0
0.13118897407099936,0.1332151472239855,0
0.13188353923531526,0.1331858000878948,0
0.13133009424288333,0.13354240929732886,0
0.1309400849650859,0.1336665364519748,0
0.13146262024512895,0.1332886859709955,0
0.13088119537086734,0.13299179647443646,0
0.13124820547878285,0.13362556765467118,0
0.13099863274573953,0.1324415254651107,0
0.13109145954392312,0.1332883929879393,0
0.13140807656623862,0.13333116851408822,0
0.13140441427804028,0.1339827628302169,0
0.1309666487621466,0.13303593925484647,0
0.13014527076517465,0.1316465159431607,0
0.13095107182967886,0.1331614824942623,0
0.1313167146833344,0.13338707944723874,0
0.1310290053225262,0.1333454758533131,0
0.13091674398163938,0.1323535817178575,0
0.1319060012695932,0.1343596367010106,0
0.1302917134625718,0.13301015674593492,0
0.1317416866057906,0.13311455637482292,0
0.13255295668733835,0.1339171834562231,0
0.1303567068704525,0.1334269251428297,0
0.13064348845158458,0.13490712437130736,0
0.13140353532887367,0.1334432833634458,0
0.1308622003027498,0.13161868255285966,0
0.13113906929049307,0.13224527564822558,0
0.13040934615948005,0.13262385858684525,0
0.13086342106548116,0.13340558621026455,0
0.13111333561209187,0.13323697446164315,0
0.13115967576541945,0.1323792177352402,0
0.1305291273987982,0.13226954441134722,0
0.13195995898237212,0.13439484349821798,0
0.1306921236388495,0.13284149616680516,0
0.13061848723082173,0.13214434298549688,0
0.1304154499731441,0.13262190536647325,0
0.1304691147028668,0.13183812686166302,0
0.1309318326090146,0.13289564920162109,0
0.1318744079300749,0.133615557400264,0
0.12977191269104918,0.13288173250647042,0
0.13230709507300134,0.13343464036329938,0
0.13133336588700634,0.13368714292690065,0
0.13152727183944574,0.13382318472581678,0
0.13197377801650487,0.13262947409541492,0
0.13033048488695778,0.13263220860393699,0
0.1325852336539874,0.133795156013478,0
0.13120630890180193,0.13334181356511496,0
0.13073704770740815,0.13327037453000526,0
0.13193783876165852,0.13331012256457794,0
0.13190805215098378,0.13391747643927926,0
0.12984154499731368,0.13270750524927927,0
0.1324634015332776,0.13321456125787387,0
0.13136075980272455,0.13245612578739185,0
0.13167347038429625,0.1324255578885689,0
0.13009316861174838,0.1320536158992139,0
0.13141486400703067,0.1335997363152495,0
0.1303945505151618,0.13241930758337844,0
0.13107178084867455,0.1328233312173454,0
0.1306528639093713,0.132725084232629,0
0.13021358464768795,0.13205444601787236,0
0.1311397529176228,0.1322281849699697,0
0.13100468772889254,0.13356736168758246,0
0.13244806875335702,0.13301777430538614,0
0.13073079740221746,0.13299848625421248,0
0.13159812490844305,0.1325928512134389,0
0.13121148493578813,0.1334000195322033,0
0.13074925533473336,0.13295785927047174,0
0.13066595048586346,0.13133595390399938,0
0.13014312222276456,0.13229977049660646,0
0.13129654768299212,0.13389887201523595,0
0.13166316714683365,0.13287426143854744,0
0.13101215879681727,0.1331929293422536,0
0.13009023878119053,0.13339894526099955,0
0.13115000732457527,0.13377332877581946,0
0.13143415205820633,0.13377147321646696,0
0.13021265686800998,0.13211641193417709,0
0.13050417500854475,0.13297670784706309,0
0.1316665852824847,0.1338342692514283,0
0.13144469944821452,0.13350222178817267,0
0.13091151911714413,0.13343024561746197,0
0.1327727916402166,0.1341564041212956,0
0.1324341520582067,0.13378495043703306,0
0.1316880707065775,0.13314741930758384,0
0.13071453684261938,0.13339684554909942,0
0.13161311587479912,0.13259661116265406,0
0.1317366082328234,0.13420445334244901,0
0.1319384247277709,0.13478763611504416,0
0.13006968113677456,0.13288251379461954,0
0.13026334293666686,0.131303676937351,0
0.13090824747302104,0.13378089750476116,0
0.1319324674056351,0.13363674984130072,0
0.1314511939059527,0.13299584940670992,0
0.13238463792177405,0.13314727281605646,0
0.13153767273792633,0.13323809756335764,0
0.13101753015283985,0.13245573514331802,0
0.1315229259241173,0.1328285560818406,0
0.1311917574100302,0.13377479369109874,0
0.1322991845304948,0.13405019776356292,0
0.1308236242003997,0.13195307388056066,0
0.1330790565945611,0.13453054348356908,0
0.13156291811123547,0.13333185214121765,0
0.13187987694711614,0.13445119390595314,0
0.13189623516773274,0.13321685629181085,0
0.13129596171688007,0.13312334586649707,0
0.13275721470774987,0.13382870257336882,0
0.13119727525758074,0.1338151276917814,0
0.1307165388935008,0.13311172420528267,0
0.13062254016309374,0.13244992431271094,0
0.13179330045412382,0.13309307095072986,0
0.1312692514282918,0.1341412666634112,0
0.13067996484203315,0.132726060842815,0
0.1310499536110165,0.1337076517408084,0
0.1316929049269987,0.1344719468724063,0
0.13073963572440078,0.1333758972606091,0
0.13076576004687718,0.13275921675863095,0
0.13139982421016616,0.1333983592948862,0
0.13124874261438588,0.1322931783778518,0
0.1317223008935984,0.13405346940768742,0
0.13078670833536818,0.13374051467356868,0
0.13182245226817693,0.13328326578446306,0
0.13042721812588476,0.13362786268860807,0
0.1308318765564733,0.13280907270862824,0
0.13095751745690634,0.13327686898774305,0
0.1317948630304202,0.13264133990917598,0
0.13110000488305118,0.13391850187997495,0
0.1315773231114798,0.13399384735582776,0
0.1311915620879928,0.13279520484398735,0
0.1320066409492648,0.13350065921187634,0
0.13144328336344624,0.13346242492309174,0
0.13182792128521856,0.1321912202744281,0
0.13115254651106048,0.1324071487865623,0
0.1308381268616638,0.13205762000097665,0
0.13010991747643916,0.13269407685922138,0
0.13095165779579246,0.1321506421211972,0
0.1310792030860877,0.13255227306020936,0
0.13084979735338653,0.13349743639826153,0
0.13043971873626647,0.13190712437130772,0
0.13055261487377298,0.13341261780360353,0
0.12876331852141248,0.13180545925094067,0
0.12957361199277256,0.13299423799990195,0
0.13241051809170398,0.13369720201181845,0
0.13331222227647832,0.13580125982713973,0
0.13325582303823474,0.13508599052688164,0
0.13266214170613774,0.13462678841740455,0
0.13310967332389267,0.13426724937741194,0
0.13221192441037155,0.13487728893012438,0
0.13155310317886676,0.1342304311733971,0
0.13278368084379127,0.1333826358708918,0
0.1327387567752332,0.13433028956492096,0
0.1337947653694033,0.13446105766883207,0
0.13228941842863362,0.134668831485913,0
0.13371590409688064,0.13683422042091958,0
0.13274022169051247,0.13525650666536532,0
0.13212954734117902,0.13306377264514954,0
0.1334383514820069,0.13482650520044806,0
0.13354070022950393,0.1340452170516138,0
0.13258411055227332,0.13474222374139408,0
0.1331272034767329,0.13412583622247154,0
0.1333615410908729,0.13405112554323872,0
0.13306919283168162,0.13476790858928686,0
0.13273328775819113,0.13500693393232185,0
0.13294750720250048,0.13386903657405172,0
0.13329557107280712,0.13480868206455432,0
0.1342386346989603,0.1369132770154801,0
0.13385848918404222,0.13546857756726366,0
0.13192987938864206,0.13474822989403853,0
0.13472269153767294,0.13621617266468086,0
0.13465545192636336,0.1369990233898147,0
0.13290946823575375,0.13541950290541527,0
0.1330800820352552,0.13508003320474696,0
0.1317111675374771,0.13397031105034454,0
0.13253708677181514,0.1336791347233766,0
0.13141505932906913,0.13401743249182144,0
0.13308623467942962,0.13365594023145685,0
0.13127291371649066,0.1340809121539142,0
0.13309102006934004,0.13609018995068078,0
0.1319016553542656,0.1342546999365207,0
0.13235743932809152,0.13387181991308145,0
0.13176854338590785,0.13375330826700554,0
0.13367014990966353,0.13484882074319965,0
0.13236085746374404,0.13409351042531314,0
0.13170286635089645,0.1333807803115382,0
0.13210630401875126,0.13487494506567774,0
0.1316287416377759,0.13454748767029728,0
0.13041525465110748,0.13231231993749756,0
0.1329049269983888,0.13518726500317327,0
0.1313254065139907,0.13325274671614773,0
0.13314922603642906,0.134263635919723,0
0.13321211973240993,0.1345442648566836,0
0.13235875775184364,0.13443996288881413,0
0.1319718247961334,0.13348762146589235,0
0.13187733776063187,0.13356658039943411,0
0.13246281556716671,0.1346850920455102,0
0.13437213731139236,0.13551735924605732,0
0.13244489477025265,0.13354323941598684,0
0.13303818545827534,0.13451980077152306,0
0.13169358855412835,0.1340041017627812,0
0.1327714732164656,0.1353764832267201,0
0.1326578934518295,0.13440636749841284,0
0.13302597783094855,0.1347062356560388,0
0.1327341178768499,0.1342937155134547,0
0.13145583280433568,0.1344608135162853,0
0.130789979979491,0.13332306264954424,0
0.13303593925484694,0.1334712632452765,0
0.13292001562576286,0.13407754284877188,0
0.13331983983593051,0.13543307778700173,0
0.13282508911567875,0.13490761267640028,0
0.1317682992333612,0.1339884271692953,0
0.13259802724742453,0.1343707700571328,0
0.13164402558718716,0.13463132965476915,0
0.1318857366082331,0.13347770887250318,0
0.13288090238781258,0.13483695492944098,0
0.1326324527564825,0.13362971824796144,0
0.13266341129938025,0.1339930172371711,0
0.132463059719713,0.1342977684457247,0
0.1333056789882322,0.133932516236144,0
0.13279813467454446,0.13354167683968918,0
0.13377508667415433,0.13520499047805115,0
0.13341642658332856,0.13533898139557632,0
0.1336137506714198,0.1360679720689493,0
0.13378709897944202,0.13602343864446514,0
0.13403618340739273,0.13503159333951836,0
0.133281556716637,0.13483749206504222,0
0.13168186923189718,0.13607803115386424,0
0.13256946139948197,0.13482455198007773,0
0.1313616387518929,0.1342599248010163,0
0.1324445041261777,0.13443923043117456,0
0.13405703403486602,0.13464153523121355,0
0.13139118121001958,0.1348309976073052,0
0.13353020167000426,0.13389345182870338,0
0.13288060940475582,0.13528497485228838,0
0.13147702524537336,0.1340416035939262,0
0.1332474241906337,0.13382269642072445,0
0.13275765418233365,0.1346539381805751,0
0.13299199179647408,0.13423682797011605,0
0.13448654719468836,0.133938082914206,0
0.1332943991405834,0.136288148835392,0
0.13382855608184038,0.13385931930270162,0
0.13283436691244846,0.13544059768543468,0
0.1327282582157333,0.1345184823477718,0
0.13316319156208814,0.13569363738463924,0
0.13323531422432813,0.13438878851506494,0
0.13206811856047612,0.13543903510913638,0
0.13342672982079215,0.1341191952732068,0
0.131676351384345,0.13346515943161358,0
0.1341857024268772,0.1355154060256851,0
0.1312373162752091,0.1336269349089305,0
0.1303908393964551,0.13290609893061153,0
0.13218282142682794,0.13521934664778576,0
0.13248073636408053,0.13491869720201272,0
0.13123087064798108,0.13314580790077718,0
0.13168221104546166,0.1336458811465404,0
0.1309331510327651,0.13334694076859258,0
0.13184198447189813,0.13364866448557106,0
0.13342697397333847,0.13508061917085815,0
0.13178861272523085,0.13337267444699474,0
0.13238307534547508,0.13408179110308144,0
0.13239088822696324,0.13376883636896406,0
0.13376610186044308,0.13508931100151436,0
0.13237575076908198,0.13326695639435554,0
0.13313540700229462,0.1340559597636609,0
0.13199848625421146,0.13318589774891446,0
0.1325708774842526,0.13441383856633635,0
0.13353796572098214,0.13521177791884442,0
0.13346686849943834,0.1363511401923923,0
0.13305854778065365,0.1336116021290104,0
0.13386049123492436,0.13594145221934714,0
0.13125826456369946,0.13341354558328025,0
0.13115825968064865,0.13358879828116646,0
0.1347832901997174,0.13591210508325674,0
0.1312771131402902,0.13318619073197013,0
0.13234513403974807,0.1347545778602472,0
0.1341509351042541,0.13561946384100784,0
0.1320386249328583,0.13389115679476452,0
0.13262615362078206,0.13354714585673222,0
0.13263767762097747,0.13489496557449207,0
0.13254035841593811,0.13428414473362935,0
0.13193232091410742,0.13351047414424447,0
0.13277909077591746,0.13388993603203178,0
0.13232975242931894,0.13390854045607847,0
0.13245607695688386,0.13415186288392966,0
0.13423165193612902,0.1349796376776224,0
0.1313094389374481,0.13309761218809624,0
0.1320695834757556,0.13372059182577306,0
0.13275833780946378,0.13417852434200925,0
0.1329830558132719,0.1346241515699009,0
0.13132901997167856,0.13326651691977215,0
0.133616973485034,0.13339450168465325,0
0.13178631769129384,0.13440026368474975,0
0.13144250207529554,0.1337853410811078,0
0.13294360076175693,0.13447267933004567,0
0.13246877288930176,0.1345944137897359,0
0.1325885541286204,0.13334972410762294,0
0.13135065188729872,0.1348960398456959,0
0.13210107915425526,0.13443371258362216,0
0.13264197470579664,0.13540773475267434,0
0.13247175155036794,0.13445202402461018,0
0.13313032862932767,0.13416138483324444,0
0.1333378582938626,0.13451911714439227,0
0.13217881732506484,0.1363726256164859,0
0.13280711948825644,0.1352870257336791,0
0.1327103862493293,0.13541105522730698,0
0.1307573123687674,0.13291342350700747,0
0.13264050979051722,0.13446242492309254,0
0.1312247180038086,0.13294316128717334,0
0.1321996191220281,0.1343172029884274,0
0.1353592948874457,0.137247619512672,0
0.13131158747985852,0.1332238390546412,0
0.1312008398847604,0.13300444357634642,0
0.13334572000585995,0.13436788905708374,0
0.1323034327848038,0.13390087406611614,0
0.1327783094877677,0.1345459739245085,0
0.13260388690854144,0.13407226915376685,0
0.1316894379608381,0.13272020118169936,0
0.13206987645881202,0.13388978954050454,0
0.1303534352263289,0.13356868011133358,0
0.1318447678109286,0.134146735680454,0
0.13208809023878132,0.13436578934518176,0
0.13181068411543626,0.1327699106401676,0
0.13182635870892173,0.13417959861321346,0
0.1324162800918016,0.13457615117925667,0
0.13386254211631496,0.13441711021045852,0
0.13173778016504728,0.13373743835148247,0
0.1329382782362412,0.13509111773035856,0
0.13218628839298727,0.13369060989306006,0
0.13331866790370725,0.13347184921138633,0
0.13179876947116606,0.13508755310317944,0
0.13267229845207335,0.13503144684799184,0
0.1309624005078377,0.13332316031056232,0
0.1309290492699831,0.1340310562039161,0
0.13301840910200732,0.13503266761072322,0
0.13188851994726405,0.13304980711948866,0
0.13311353093412814,0.13353503589042365,0
0.13263767762097786,0.13399248010156795,0
0.13067244494360122,0.13379930660676842,0
0.1322318960886768,0.13356076956882718,0
0.13106963230626498,0.13271727135114092,0
0.1319033155915818,0.1336687826554048,0
0.13324434786854825,0.13536500805703422,0
0.13273294594462592,0.13303027491576733,0
0.1335650666536451,0.1351823819522437,0
0.13394277064309898,0.13519082963035425,0
0.13344191610918554,0.1349903803896675,0
0.13324244347868566,0.13422169051223254,0
0.13308223057766447,0.13512627569705565,0
0.1324833732115827,0.13455256604326435,0
0.1325864055862116,0.1345431417549685,0
0.13184437716685385,0.13411069876458873,0
0.1313214512427366,0.1349853020167013,0
0.13148889105913486,0.13381239318326085,0
0.1336848478929637,0.13448225010986933,0
0.13098574149128334,0.1336437814346412,0
0.13317476439279274,0.13480775428487773,0
0.13311797451047472,0.13511069876458845,0
0.13212310171395036,0.13307891010303194,0
0.1311280335953912,0.13251731041554735,0
0.13217964744372346,0.13434738024317644,0
0.13211245666292315,0.13374739977538053,0
0.1330180184579326,0.1336060842814593,0
0.13367239611309228,0.13520337907124408,0
0.13281483470872668,0.13480355486107812,0
0.13192738903266785,0.13417110210459576,0
0.13401855559353484,0.13558357341667227,0
0.13175355241955186,0.1324956784999275,0
0.13162542116314335,0.13426519849602014,0
0.1319923336100398,0.13375262463987508,0
0.1317539918941362,0.13314326871429288,0
0.13188822696420688,0.13375521265686802,0
0.13192362908345145,0.13419302700327124,0
0.13207129254358072,0.13337628790468312,0
0.13216035939254853,0.13311846281556708,0
0.13200097661018564,0.1349934567117545,0
0.13237980370135266,0.13407739635724394,0
0.1330940963914261,0.13459197226427064,0
0.13300459006787402,0.13511782801894653,0
0.13332740856487085,0.1346148737731338,0
0.13146725914351326,0.13407519898432654,0
0.13355945114507706,0.1338994579813462,0
0.13207007178084845,0.1339721177791893,0
0.13206387030616676,0.13387294301479696,0
0.13351901948337336,0.13416685385028598,0
0.1345722447385131,0.13416455881634828,0
0.1339835441183659,0.13642355583768714,0
0.13161043019678728,0.13304331266175198,0
0.13443219883783353,0.13700869183065545,0
0.13172322867327654,0.13365989550271007,0
0.13261047902729567,0.13455593534840696,0
0.13184520728551147,0.13405879193319986,0
0.1336784999267547,0.1334748767029636,0
0.13218736266419162,0.1341139215782031,0
0.1334602763806828,0.13343371258362355,0
0.13240285170174387,0.13277093608086404,0
0.13461106499340786,0.13501450266126255,0
0.13159607402705287,0.13285458274329848,0
0.13162087992577753,0.1323902534303436,0
0.13419957029151885,0.13566780604521786,0
0.13175242931783834,0.1331411690023928,0
0.13430138190341262,0.13573685238536995,0
0.1339472142194441,0.13511812100200202,0
0.13388544362517724,0.1356653645197523,0
0.13231983983592951,0.13430968308999522,0
0.13370730992724256,0.1363262854631576,0
0.13224249230919638,0.13471053274085626,0
0.13175335709751435,0.13315161873138287,0
0.1327829972166613,0.1342433712583634,0
0.13265252209580525,0.13365203379071322,0
0.13303281410225107,0.13395444113482094,0
0.13268782655403144,0.13528893012354168,0
0.13358245031495694,0.13518721617266455,0
0.13250886273743925,0.13454514380585053,0
0.13424678939401324,0.13632198837833934,0
0.13413399091752545,0.13476922701303892,0
0.13305893842472746,0.13456550612822946,0
0.1323994335660918,0.13463674984130067,0
0.13336105278578106,0.1352711069876461,0
0.13432242785292373,0.13534239953122765,0
0.13364319546852946,0.13559495092533774,0
0.1326074515357203,0.13408389081498126,0
0.1318688900825242,0.13410308120513745,0
0.1327526246398749,0.13531036671712518,0
0.13432735973436166,0.1345393818057522,0
0.13231285707309856,0.13402382928854042,0
0.13389862786268938,0.1356251770105968,0
0.13178412031837458,0.13337277210801252,0
0.13223677913960652,0.13425391864837155,0
0.13180506860686564,0.13394301479564433,0
0.13347106792323787,0.13518096586747444,0
0.13403003076322187,0.13490502465940754,0
0.1331554763416179,0.13457414912837587,0
0.1326426095024177,0.1349911128473073,0
0.13177577030128454,0.13406543288246536,0
0.1321650471214416,0.1333944528541436,0
0.13297392450803328,0.13508022852678395,0
0.13217471556228252,0.13303403486498494,0
0.13398979442355602,0.13547209336393404,0
0.13366140924849834,0.13457366082328348,0
0.13195795693149182,0.13454773182284288,0
0.1336283509937017,0.13520352556277246,0
0.13284393769226946,0.13441754968504385,0
0.13231661702231598,0.13483617364129175,0
0.13469793446945708,0.13649250451682246,0
0.13306802089945788,0.1332803847844133,0
0.1328363201328191,0.1336577469603014,0
0.1332520630890184,0.13486947604863606,0
0.13291308169344254,0.1348332926412417,0
0.1318671321841886,0.13196108208408694,0
0.13380272474241978,0.13534757556521285,0
0.133274280970751,0.13444152546511032,0
0.1333127594120813,0.13489423311685045,0
0.1338283607598026,0.13568929146931094,0
0.13306982762830188,0.13485077396357326,0
0.13287401728600054,0.13371087455442168,0
0.1333336100395531,0.13442839005810786,0
0.1336782557742082,0.13424151569900902,0
0.1321431222227648,0.13348913521168054,0
0.13253630548366604,0.1347476439279263,0
0.1330047365594034,0.13469690902876136,0
0.1323669124468973,0.13525352800429766,0
0.1320090824747298,0.13472523072415685,0
0.13266599931637402,0.13510737828995587,0
0.13166336246886984,0.13543708188876424,0
0.13133898139557604,0.1338803652522098,0
0.1334317593632504,0.1359359343717957,0
0.1331171932223263,0.1345288832462521,0
0.13462644660383954,0.13580365252209595,0
0.13463591972264286,0.1356181454172572,0
0.13136158992138314,0.1329808584403542,0
0.13254128619561562,0.13328863714048528,0
0.12966995458762587,0.13141027393915716,0
0.13172664680892626,0.13443962107524696,0
0.13117871966404646,0.13301962986473995,0
0.13189281703208264,0.13312974266321656,0
0.13054519263635914,0.1323560720738325,0
0.13177664925045207,0.13479354460667026,0
0.13172484008008195,0.13268186923189615,0
0.13205171150935135,0.1333271644123244,0
0.13161101616289791,0.1334879632794568,0
0.13114287807021774,0.13356858245031525,0
0.1306924654524156,0.1319917964744367,0
0.13095668733824856,0.1339126910493679,0
0.1306725914351295,0.13202553835636496,0
0.1318203525562784,0.1337109722154399,0
0.13149890131354008,0.13387387079447258,0
0.1322304311733981,0.1336203427901756,0
0.13147126324527594,0.13475272230089289,0
0.1330556179500956,0.1363347819717767,0
0.13221592851213315,0.13468504321500166,0
0.13222398554616813,0.13453049465305938,0
0.13249426241515705,0.13477269397919842,0
0.1330112798476494,0.13543136871917616,0
0.13258611260315442,0.13443708188876508,0
0.13198203037257694,0.13381527418330966,0
0.1334633038722597,0.13448190829630435,0
0.1321346257141466,0.1349089311001522,0
0.13164529518042914,0.1347486205381126,0
0.1321672444943602,0.133772010352068,0
0.13281913179354493,0.13503545094975394,0
0.1324342008887153,0.13387025733678434,0
0.1317790419454081,0.1348589774891353,0
0.13190258313394246,0.13256179500952106,0
0.13317217637579953,0.13436432442990534,0
0.13375047609746504,0.13587567752331695,0
0.13436871917574106,0.13484867425167346,0
0.1318464280482445,0.1341878509692862,0
0.13014151081595746,0.13212974266321625,0
0.13228897895405045,0.13432242785292314,0
0.13113784852776,0.13339850578641632,0
0.13261453195956888,0.13559875970506322,0
0.1325296157038933,0.13409185018799702,0
0.1322264759021445,0.13469334440158234,0
0.13276864104692596,0.13566160457053555,0
0.13266453440109416,0.13445290297377827,0
0.1317422237413933,0.13347712290639052,0
0.13232970359880858,0.13492069925289385,0
0.1337759656233216,0.13452546511060212,0
0.13330782753064244,0.135381415108159,0
0.13357742077249926,0.1356544264856687,0
0.1355495873821968,0.13708130279798827,0
0.13217481322330293,0.13444201377020384,0
0.1335537379754881,0.13510439962888868,0
0.1344113970408712,0.13490126471019134,0
0.13251726158503907,0.13376571121636813,0
0.13472503540211994,0.1364305874310272,0
0.13089896967625447,0.1335714146198547,0
0.13244504126178114,0.1344091020069345,0
0.13267820694369847,0.13402314566140805,0
0.13301704184774682,0.13463250158699205,0
0.13192162703257,0.13474022169051236,0
0.13225147712290694,0.13429845207285432,0
0.1308527760144533,0.1327729869622542,0
0.13207612676400218,0.13317022315542815,0
0.13234479222618412,0.13511733971385348,0
0.13176839689437947,0.134842521607501,0
0.1319584940670937,0.1349563943551928,0
0.1326126764002145,0.13472513306313774,0
0.13209619610332635,0.1339236779139598,0
0.13135240978563512,0.13395942184676954,0
0.133656037892475,0.13495097416866006,0
0.13133492846330486,0.1331507397822163,0
0.13127599003857654,0.13446437814346418,0
0.1337955466575523,0.1338941842863428,0
0.13021519605449544,0.1330300795937305,0
0.1318506274720443,0.1343116851408765,0
0.13355549587382234,0.13466453440109466,0
0.13124971922457065,0.13389227989647934,0
0.13246247375360115,0.1340979540016609,0
0.13251164607646826,0.13361506909517107,0
0.13189408662532395,0.133679378875922,0
0.1308285072513311,0.1324477757703009,0
0.13277747936910922,0.13474320035157994,0
0.13318565359636722,0.1334617412959625,0
0.13155051516187335,0.13386058889594252,0
0.13455657014502678,0.13590312026954535,0
0.13241999121050946,0.13339440402363384,0
0.13202465940719854,0.13365550075687274,0
0.13333292641242284,0.13391708579520487,0
0.1321994726304999,0.13326256164851782,0
0.13151999609355827,0.13413706723961255,0
0.13292348259192374,0.1348856877777241,0
0.13125152595341688,0.133696616045705,0
0.13067058938424753,0.13359661116265553,0
0.13235182381952176,0.1342948386151672,0
0.1328224522681781,0.13448464280482456,0
0.13197133649104112,0.1342609014112015,0
0.13283553884467034,0.13494789784657582,0
0.13202671028858826,0.1338416426583335,0
0.13414195029054088,0.1347773817080901,0
0.1331718833927441,0.13471199765613667,0
0.13329137164900612,0.13313096342594985,0
0.13094638410078618,0.13394911860930722,0
0.1320499047805068,0.13481327213242852,0
0.131456711753503,0.13359060501001105,0
0.1320514673568052,0.13355095463645691,0
0.13370418477464766,0.1342302846818693,0
0.13055139411104055,0.1328027247424187,0
0.13247678109282715,0.13526534498754875,0
0.1337163924019723,0.13517022315542768,0
0.13255212656867998,0.1349397431515221,0
0.13110815957810512,0.13336803554861076,0
0.13293808291420442,0.13477074075882592,0
0.13185863567557005,0.13400859416963673,0
0.1318625421163146,0.1335480736364091,0
0.1323712583622245,0.1335230235851366,0
0.13124561746178992,0.13452619756824122,0
0.13367557009619654,0.13442077249865764,0
0.13357244006055044,0.1350377948141999,0
0.13198862249133275,0.1337145856731296,0
0.13102885883099724,0.13240529322720815,0
0.13255842570438106,0.13505493432296575,0
0.13199697250842332,0.1329048781678799,0
0.13146144831290474,0.1331664632062118,0
0.13350964402558702,0.13446989599101494,0
0.13368401777430547,0.133601982518677,0
0.1316850432150012,0.13462024512915702,0
0.13204736559402275,0.134367107768934,0
0.13110322769666544,0.1338178133697933,0
0.1314181844816641,0.13419141559646391,0
0.13321275452903006,0.1344870354997803,0
0.1324209189901854,0.13295522242297098,0
0.13107934957761627,0.13350539577127718,0
0.13329366668294368,0.1339297328971141,0
0.13089999511694894,0.1331418037990136,0
0.13212930318863236,0.13387152693002646,0
0.13247053078763538,0.1341444894770257,0
0.13261614336637592,0.13353889350065914,0
0.13202714976317187,0.1332803359539043,0
0.13234327848039495,0.13472088480882866,0
0.1320165047121448,0.13354397187362674,0
0.13174715562283398,0.1331407783583189,0
0.1333258948190828,0.13536823087064787,0
0.1320216319156211,0.13384637921773646,0
0.13305732701792172,0.1343463059719713,0
0.13358923775575132,0.13488866643879144,0
0.1307300649445784,0.13304306850920433,0
0.1317063821475652,0.13473089506323574,0
0.13260632843400674,0.13456174617901173,0
0.13292973289711513,0.1338784120318374,0
0.13160867229845294,0.13436691244689644,0
0.13323985546169248,0.13480624053908966,0
0.13110610869671396,0.13299130816934493,0
0.13267596074027102,0.134469798329996,0
0.13389340299819405,0.13513770203623238,0
0.1308877386591127,0.13311621661213927,0
0.13196254699936552,0.13368860784218045,0
0.1323517261585046,0.13419981444406456,0
0.1323142243273589,0.13294389374481225,0
0.13347375360125038,0.1344005566678052,0
0.13253464524635028,0.13425670198740186,0
0.1321689535621858,0.13485135992968386,0
0.13172132428341218,0.13349577616094624,0
0.13409370574735216,0.13628751403877196,0
0.13274847404658294,0.13412710581571288,0
0.13278426680990346,0.134191122613409,0
0.13215987108745553,0.13425401630938952,0
0.1311522535280035,0.13345339127887107,0
0.13244885004150642,0.13398378827091226,0
0.13151203672054326,0.13339625958298698,0
0.13189745593046465,0.13211929293422547,0
0.1327879290981006,0.13318506763025664,0
0.13228917427608805,0.13280169930172406,0
0.13145749304165352,0.13429542458127927,0
0.13317286000292994,0.13473900092778093,0
0.13379740221690467,0.13551394111040646,0
0.1332180770545437,0.13424024610576768,0
0.13169935055422602,0.1334389374481179,0
0.13271233946970068,0.1351760828165443,0
0.13245026612627567,0.1346938327066749,0
0.13289735826944715,0.1329298305581333,0
0.13274573953806387,0.13409766101860374,0
0.1336121880951222,0.13498032130475082,0
0.13346179012647116,0.13377679574198068,0
0.13446076468577514,0.1348815860149425,0
0.13235831827725994,0.13420435568142988,0
0.1345778114165739,0.13452424434786858,0
0.13359387665413386,0.13666219053664827,0
0.13392060159187452,0.13659910151862856,0
0.13199677718638694,0.13443620293959793,0
0.13388261145563826,0.13560085941696415,0
0.13187792372674476,0.1329242150495625,0
0.13322252063089102,0.13414732164656487,0
0.1350666048146882,0.1360118169832516,0
0.13219756824063691,0.13413023096830978,0
0.13374515357195196,0.13522755017334928,0
0.13301215879681816,0.13421929781727635,0
0.13195361101616362,0.13441960056643407,0
0.13244015821085042,0.13417510620635878,0
0.13316675618926738,0.13588568777772325,0
0.13152517212754508,0.13394111040578155,0
0.13322198349528744,0.13424561746179012,0
0.1324634015332777,0.13392553347331582,0
0.1310210459495095,0.13250217295766448,0
0.1312085551052305,0.13295448996533027,0
0.1320828165437765,0.13293495776160946,0
0.1318771424385957,0.13444909419405246,0
0.13208452561160167,0.13397866106743433,0
0.13226744469944812,0.13341691488842286,0
0.13041271546462266,0.1328768982860497,0
0.1316250305190688,0.13222735485131187,0
0.13207939840812494,0.13463948434982176,0
0.13264431857024278,0.1347634161824318,0
0.13062092875628686,0.13245949509253302,0
0.13166990575711685,0.13278622003027524,0
0.13149406709311945,0.13358162019629924,0
0.13322081156306498,0.1349008740661156,0
0.13228370525904562,0.13510815957810468,0
0.13307695688266027,0.13469681136774195,0
0.1323546071585521,0.13508931100151408,0
0.1316641925875294,0.13415025147712284,0
0.13131691000537235,0.13259851555251595,0
0.1322245226817722,0.1352003515796676,0
0.13155393329752454,0.13317071146052056,0
0.13246530592314126,0.1330279798818307,0
0.13325142829239833,0.1349688461350658,0
0.13197499877923755,0.13374212608037508,0
0.13285067630255398,0.1355107671273008,0
0.1318021387763076,0.13435670687045098,0
0.13193276038869062,0.13334674544655553,0
0.1323187655647254,0.13530885297133646,0
0.13356257629767115,0.1340539577127791,0
0.13169935055422685,0.13399555642365352,0
0.13234117876849466,0.13441872161726673,0
0.13297499877923755,0.1357693246740564,0
0.1317971580643583,0.13245329361785144,0
0.13161614336637606,0.13330885297133627,0
0.13279212852190078,0.13412398066311818,0
0.13198906196591645,0.1334873284828366,0
0.13070950730016134,0.13282201279359254,0
0.13171683187655775,0.13425152595341625,0
0.1323912788710391,0.13371385321549015,0
0.1332388300209971,0.13366512036720565,0
0.13191073782899534,0.13363753112944934,0
0.13230011231017186,0.13450563992382492,0
0.1333707700571325,0.13434987059915082,0
0.1351802822403443,0.1355887006201481,0
0.13176917818252853,0.13429908686947656,0
0.13345915327896893,0.13425133063137915,0
0.13452922505981751,0.13528761169979092,0
0.13083324381073305,0.13287997460813514,0
0.13171063040187528,0.1334205771766217,0
0.13170013184237556,0.13406914400117184,0
0.13251818936471568,0.1347288441818449,0
0.13401074271204627,0.13418809512183255,0
0.1321144098832952,0.13510640167976973,0
0.13244391816006654,0.13394477269397895,0
0.13265130133307315,0.13468904731676395,0
0.13217920796913826,0.13489857903217878,0
0.13345549099077206,0.13472864885980695,0
0.13277415889447705,0.13348024805898778,0
0.13214824942624187,0.1332175399189419,0
0.13174559304653558,0.13307182967918382,0
0.13203042140729576,0.13294672591435114,0
0.13288246496410952,0.1346600908247467,0
0.13314580790077601,0.13407798232335555,0
0.13334713609062848,0.1345820596708827,0
0.13301601640705074,0.13492196884613605,0
0.1318171785731734,0.13398222569461404,0
0.13127393915718585,0.13364339079056622,0
0.13297602421993301,0.13449509253381595,0
0.1319520972703744,0.13423550954636373,0
0.132894135455834,0.13481966892914646,0
0.13305649689926344,0.13365379168904762,0
0.13180189462376066,0.13385458274329784,0
0.13256697104350865,0.1337369988768976,0
0.13228536549636258,0.1337061868255293,0
0.1311809170369659,0.1332874163777524,0
0.13282958152253618,0.13373963572440156,0
0.13264705307876445,0.1340897504760968,0
0.1323126129205528,0.13347814834708702,0
0.13236017383661308,0.13341852629523038,0
0.13092787733776026,0.1344070999560523,0
0.1332692025977838,0.1344261926851903,0
0.13135563259924832,0.13211323795107235,0
0.1335988573660822,0.1347783094877687,0
0.13116993017237133,0.13267889057082935,0
0.13246647785536408,0.13403662288197646,0
0.13156228331461495,0.13432203720884806,0
0.13336534987059845,0.1342934713609064,0
0.13348522877093735,0.1344508032618777,0
0.1332171004443577,0.1351055715611112,0
0.13411602129010247,0.1357581424874259,0
0.1351687094096392,0.13757800673861098,0
0.13256609209434128,0.13565325455344565,0
0.13285258069241684,0.13486097954001658,0
0.13411182186630166,0.1339049758288982,0
0.13218848576590586,0.13447785536403195,0
0.13208232823868346,0.1342975731236887,0
0.13404370330582574,0.13517242052834608,0
0.13218609307095042,0.13441408271888344,0
0.13387089213340528,0.13577425655549513,0
0.1337618047756238,0.13609087357781186,0
0.13307070657746944,0.13404531471263353,0
0.1325772254504614,0.13441505932906894,0
0.13318330973192105,0.13330079593730154,0
0.13310913618828998,0.13498613213535846,0
0.13372640265637942,0.13506191708579626,0
0.13377752819961936,0.13543644709214347,0
0.13181210020020506,0.1342559206992532,0
0.13452443966990632,0.13693095365984714,0
0.1341614336637531,0.13496767420284314,0
0.1325093510425315,0.1348464280482448,0
0.131968260168954,0.13528160554714694,0
0.13383705259045925,0.13580199228477896,0
0.13312832657844645,0.1348083402509894,0
0.1344264368377364,0.13599589823721886,0
0.13356907075540736,0.13434537819229436,0
0.13300551784755205,0.13415869915523296,0
0.13277542848771967,0.1351729088334406,0
0.13285385028565985,0.1355365008057033,0
0.13340016602373125,0.13639938473558175,0
0.13428492602177894,0.13567796279115196,0
0.13261140680697378,0.13587250354021194,0
0.13383275550563956,0.13497885638947255,0
0.13300654328824646,0.13513179354460755,0
0.1335502710093273,0.13476605302993355,0
0.13314697983300014,0.13501616289857907,0
0.13411563064602708,0.134530299331023,0
0.13139484349821845,0.1338220127935937,0
0.1332808730895067,0.13485052981102716,0
0.1332352165633089,0.134115777137556,0
0.13303623223790248,0.13413482103618346,0
0.133783339030227,0.1358723570486843,0
0.13240343766785526,0.13606523756042788,0
0.13520586942721805,0.13622120220713874,0
0.13230685092045572,0.1347960349626443,0
0.13367796279115293,0.1351926851897065,0
0.13281795986132153,0.13546042287221086,0
0.1330599150349142,0.13544718980419002,0
0.1336601884857657,0.13518623956247935,0
0.13293891303286334,0.1354505591093324,0
0.13242892719371124,0.13353200839884774,0
0.13338229405732638,0.13493100249035678,0
0.13255876751794612,0.1334603252111933,0
0.13519805654572986,0.1360663118316327,0
0.13336476390448754,0.1337228380292008,0
0.13358557546755248,0.13598017481322305,0
0.13223926949558032,0.1346117974510478,0
0.13258586845060816,0.13453073880560587,0
0.13232384393769264,0.13397817276234295,0
0.13202558718687554,0.13427960349626522,0
0.1341230528834417,0.13621338932565094,0
0.13115274183309833,0.13342345817666915,0
0.13343639826163373,0.13509717271351224,0
0.13334796620928802,0.13558518482347806,0
0.1321567947653688,0.13450710483910394,0
0.13354709702622197,0.1349604472874648,0
0.13517491088432038,0.13618555593534898,0
0.13256174617901414,0.13468807070657735,0
0.13271785731725286,0.1349591288637142,0
0.13313179354460694,0.13660911177303472,0
0.13303183749206446,0.13456985204355634,0
0.1322014746813807,0.13440514673568013,0
0.13413130523951433,0.1351734459690412,0
0.1324183309731911,0.13489135211680228,0
0.13459592753552527,0.13516324039259706,0
0.13167674202841947,0.13485409443820512,0
0.13277982323355708,0.13380819375946096,0
0.13314849357878894,0.13516509595195067,0
0.13431041554763554,0.1358919869134242,0
0.13199868157624733,0.13377738170809222,0
0.13225352800429746,0.13377503784364406,0
0.132197617071146,0.1345007568728943,0
0.1340506372381461,0.13542946432931355,0
0.13249245568631296,0.13465286390937098,0
0.13319834952878618,0.13463821475657922,0
0.13385067630255615,0.13563489428194753,0
0.1336083304848872,0.13484086137018378,0
0.1327496459788075,0.13475501733483075,0
0.13266077445187766,0.13467513062161252,0
0.13335797646369546,0.13560818399335905,0
0.1340412129498509,0.13585834269251554,0
0.13400595732213585,0.1347230821817469,0
0.13279564431857024,0.13476239074173638,0
0.13304091996679526,0.1355255627716193,0
0.13282367303090972,0.13458069241662118,0
0.13223048000390694,0.13462927877337694,0
0.1345141364324441,0.1365205820596713,0
0.1328553640314467,0.13448361736412906,0
0.13343605644806866,0.13480218760681684,0
0.13183949411592302,0.13497441281312614,0
0.13187269886225006,0.1340203134918697,0
0.13301118218663016,0.13512061135797593,0
0.13200415059329162,0.13381127008154736,0
0.13393930367693813,0.13615948044338086,0
0.13325186776698092,0.13495615020264673,0
0.1330165047121443,0.13580335953904096,0
0.1328991649982907,0.1343718931588465,0
0.13365847941793987,0.13510288588309988,0
0.13270335465598876,0.1347041359441382,0
0.13203056789882325,0.13434655012451754,0
0.1321777430538605,0.1351128473069979,0
0.13199301723717022,0.13316070120611395,0
0.1333916206846036,0.13548591239806654,0
0.13344191610918402,0.13411890229015247,0
0.13303462083109552,0.13720728551198902,0
0.13333995800576234,0.13569017041847814,0
0.13420826212217435,0.13495073001611468,0
0.1322545534449924,0.13486312808242554,0
0.13175155036867056,0.13339962888812978,0
0.13337877826065722,0.13496386542311636,0
0.13388056057424774,0.1352586552077737,0
0.1335468528736766,0.1346587235704872,0
0.13427633185214108,0.1364088090238785,0
0.13440104497289868,0.13664036329899046,0
0.13270340348649928,0.1344350798378825,0
0.13293915718540994,0.13586132135358187,0
0.132152204697495,0.13663577323111467,0
0.13197768445724867,0.13451071829679262,0
0.1347457395380636,0.13509917476439331,0
0.13345510034669614,0.1359788075589626,0
0.1328739684554908,0.13533209629376386,0
0.13444172078714892,0.13599233361004007,0
0.13295673616875875,0.13515454856194115,0
0.13459558572196045,0.13588773865911433,0
0.13298881781337052,0.1364036329898921,0
0.13307632208603987,0.13489682113384513,0
0.13384452365838168,0.1358705991503502,0
0.13284911372625569,0.13412642218858328,0
0.1333622247180044,0.13619346647785574,0
0.1323907417354367,0.13520943405439814,0
0.13314956784999246,0.13438615166756254,0
0.1319549782704233,0.13456487133160802,0
0.13321627032569916,0.13682206162410354,0
0.13198613213535812,0.1348204013867871,0
0.1324033400068372,0.13518584891840454,0
0.13315288832462507,0.13607773817080945,0
0.13514785878216756,0.13659275355242026,0
0.13423052883441627,0.13541383856633585,0
0.13342887836320033,0.1351512769178193,0
0.13471678304604728,0.1361347233751653,0
0.13319571268128358,0.1363164217002788,0
0.13332740856487135,0.13602719859368184,0
0.13412207627325606,0.13584838126861692,0
0.13223131012256478,0.13383309731920556,0
0.13344474827872455,0.1363919136676601,0
0.1319587870501504,0.1351901948337329,0
0.13496435372821014,0.13588671321841975,0
0.1343724302944495,0.13612100200205132,0
0.1337042824356666,0.1363230138190351,0
0.13324005078373025,0.13640104497289915,0
0.1341936129693838,0.13658171785731768,0
0.13447370477074172,0.1372103618340737,0
0.13180033204746328,0.13484315640412206,0
0.1346841154353238,0.13590873577811402,0
0.13328155671663727,0.13670687045265825,0
0.13381600664094925,0.1345312271106985,0
0.1325125738561457,0.13536295717564464,0
0.13567488646906642,0.1359857903217936,0
0.1324084183798038,0.13488949655744886,0
0.13268650813027952,0.1361765711216366,0
0.13518174715562253,0.13655207773817082,0
0.13288524830314072,0.13579017530152962,0
0.13328580497094653,0.1365435323990433,0
0.13047580448264126,0.1331574783924989,0
0.1312816543776544,0.13464656477367087,0
0.13071038624932896,0.13356252746716069,0
0.13210303237462634,0.1349956052541637,0
0.13166458323160316,0.1340280775428493,0
0.13365589140094875,0.13645871380438448,0
0.13582201279359435,0.13769383270667535,0
0.13397402216905174,0.137461545973925,0
0.13362942526490526,0.13703877142438636,0
0.13378436447092276,0.13698832950827586,0
0.13334655012451804,0.1363549978026273,0
0.1310383319498026,0.1354659895502716,0
0.13530240734410873,0.1384050002441527,0
0.13266385077396464,0.13610825723912415,0
0.13241828214268253,0.13573250647004334,0
0.13388847111675378,0.1372235949020958,0
0.13238390546413534,0.13584022657356346,0
0.13259270472191076,0.13635724400605545,0
0.13464143757019434,0.1374322476683444,0
0.132225255139412,0.13478900336930555,0
0.1313501635822064,0.1351435128668402,0
0.1330104008984812,0.13538966746423198,0
0.1324055862102647,0.13543796083793191,0
0.13228517017432526,0.1345511499584951,0
0.13344250207529687,0.13750466331363906,0
0.13219849602031353,0.13515156990087446,0
0.1331163142731583,0.13627926168270016,0
0.1347703012842428,0.13842965965135154,0
0.13447111675374734,0.1368433028956491,0
0.13361467845109734,0.13646628253332804,0
0.13415752722300914,0.13655212656868132,0
0.13224801015674606,0.1361301821378002,0
0.13348034572000575,0.1357034523170078,0
0.13420381854582825,0.13738605400654325,0
0.13265330338395506,0.1363487474974371,0
0.13390312026954526,0.1376738121978612,0
0.13511626544264846,0.13822457151228162,0
0.13397900288100018,0.13770228038478538,0
0.13361550856975488,0.13670633331705692,0
0.13434112993798564,0.13884081253967614,0
0.13439694321011872,0.1375980760779335,0
0.13387553103178962,0.1373812197861233,0
0.1334541237365112,0.1381280335953909,0
0.13374779041945328,0.13627242541139709,0
0.13464802968894926,0.13800327164412365,0
0.13346242492309127,0.13684593974315112,0
0.13303862493285915,0.13745456321109528,0
0.13370369646955535,0.1360918501879986,0
0.13230284681869225,0.13581556716636525,0
0.13276927584354686,0.13627266956394454,0
0.13261946384100765,0.13640680697299656,0
0.13356067190780818,0.1368911079642562,0
0.13389350065921193,0.13605136969578538,0
0.13424244347868533,0.1372635382587051,0
0.13575086674154035,0.13882753064114495,0
0.1347177596562339,0.13788490648957494,0
0.13469158650324758,0.13812290639191355,0
0.13268768006250467,0.1366787440793015,0
0.13314522193466494,0.13629527808975006,0
0.13477782118267484,0.13790346208311022,0
0.13481234435275194,0.13870101079154254,0
0.1343330240734415,0.13728463303872285,0
0.1325036378729432,0.13607969139118153,0
0.13522598759705087,0.13804428927193732,0
0.13456369939938567,0.13702055764441715,0
0.13318008691830732,0.1361884857659075,0
0.13293046535475314,0.1358256750817904,0
0.13423272620733412,0.1388871038624933,0
0.1318749450656772,0.13654104204306974,0
0.13535031007373424,0.13736442209092226,0
0.13324161336002774,0.13633219395478266,0
0.13485770789589413,0.1367058938424735,0
0.13488607842179828,0.13729102983544128,0
0.13299628888129333,0.13686762048928278,0
0.13371478099516593,0.13467298207920414,0
0.13203554861077305,0.1356238585868452,0
0.13429493627618524,0.13731666585282398,0
0.13243761902436668,0.13541061575272265,0
0.1359909663557786,0.1381960056643393,0
0.1324286830411641,0.1346576004687741,0
0.13325030519068307,0.13557170760291096,0
0.135309487767958,0.13728101958103356,0
0.13259548806094107,0.13517622930807224,0
0.13446042287221133,0.13644982665169206,0
0.1349485814737061,0.13681722740368105,0
0.13223091947849064,0.13638512622686613,0
0.1338378338786075,0.1362806777674702,0
0.13402924947507205,0.13694565164314745,0
0.1334776112114857,0.13650520044924053,0
0.13282987450559214,0.13556609209434176,0
0.13488495532008432,0.1371339420870161,0
0.1343589042433722,0.13610269056106347,0
0.13287284535377772,0.13557165877240313,0
0.13532936178524382,0.13830284681869162,0
0.133697104350799,0.136757605351825,0
0.132093901069388,0.13565095951950795,0
0.13475155036867034,0.13719141559646444,0
0.1348799746081361,0.13678363201328222,0
0.13292753552419626,0.13690727086283613,0
0.13426793300454112,0.1356412910786671,0
0.13336408027735774,0.1363395185311788,0
0.13327139997070192,0.13615156990087404,0
0.13487108745544327,0.13799028272864888,0
0.13440543971873714,0.13698564383026576,0
0.13432179305630162,0.1372262805801049,0
0.13401655354265402,0.1367527711314032,0
0.13452937155134584,0.13650554226280476,0
0.13388041408271895,0.1365696078910104,0
0.13500200205088125,0.13716514478246036,0
0.13560125006103851,0.1369461399482403,0
0.13557522339958047,0.1373926949558089,0
0.1346625323502131,0.1365596464671138,0
0.13393593437179574,0.1359537575076923,0
0.13423048000390672,0.13577884662336995,0
0.13561267640021507,0.13650769080521508,0
0.13486195615020394,0.13593354167683994,0
0.13346598955027078,0.13558616143366278,0
0.13508682064553934,0.13731266175106185,0
0.13504780506860647,0.13577249865716104,0
0.13552107036476432,0.13719356413887485,0
0.13518223546071514,0.13697070169441866,0
0.13407309927242667,0.1362193466477852,0
0.13400136725426154,0.13652248644953416,0
0.13524210166512082,0.13778001855559371,0
0.13569646955417874,0.13750539577127935,0
0.13422081156306553,0.13565467063821549,0
0.1361503979686515,0.13830431173397148,0
0.13482967918355446,0.1362385858684511,0
0.13442697397333936,0.13710024903559748,0
0.13641740319351586,0.13776092582645713,0
0.13491440011719313,0.13838014551491756,0
0.13481200253918715,0.13787040382831312,0
0.1343991894135464,0.13756433419600592,0
0.13435704868401854,0.13657615117925764,0
0.13589633282875127,0.1376805508081458,0
0.13503208164461195,0.1377273304360566,0
0.13496484203330225,0.13777601445383122,0
0.1352953757507698,0.1357865130133313,0
0.13692411738854554,0.13788309976073074,0
0.1342721324283411,0.137350212412717,0
0.1363319986327466,0.13812334586649802,0
0.1356300600615262,0.13797831925387033,0
0.13566492504516844,0.1375154548561947,0
0.1356540358415947,0.13751652912739906,0
0.13559216758630793,0.13846012988915593,0
0.13535299575174686,0.1368941354558337,0
0.13346193661799874,0.13615738073148098,0
0.1357295766394837,0.1388078031153879,0
0.1340014160847698,0.1374827384149625,0
0.13386132135358228,0.13703471849211346,0
0.13631061086967294,0.13712559206992514,0
0.13370438009668398,0.13693573904975825,0
0.13540397480345784,0.1369240685580347,0
0.13548679134723465,0.13753352214463674,0
0.13393085599882834,0.13670398945260973,0
0.13351467356804625,0.13673782899555645,0
0.1357033546559892,0.13821661213926514,0
0.1352890766150696,0.13848254309292493,0
0.1360979540016604,0.13807178084867436,0
0.1364042189560038,0.13756985204355726,0
0.1350529322720844,0.1382277943258952,0
0.13430133307290446,0.13657395380633813,0
0.13683260901411182,0.13752907856828928,0
0.1354801015674597,0.13847477904194605,0
0.135331266175106,0.13665052004492526,0
0.1352986473948932,0.13787953513355136,0
0.13498217686410502,0.13727540407246455,0
0.1360674837638549,0.13868250402851676,0
0.13635060305679025,0.13817637579960182,0
0.13407417354363044,0.1367656623858591,0
0.1336324039259729,0.13617979393525065,0
0.13433082670052274,0.1369935055422623,0
0.13522564578348578,0.13792675423604686,0
0.1354929928219152,0.13751809170369655,0
0.13628609795400204,0.1380530299331024,0
0.13475789833488047,0.1383086576492992,0
0.13633873724302895,0.13736251770105976,0
0.1375463645685839,0.1397082865374286,0
0.13874901118218685,0.13819830069827752,0
0.13786918306558008,0.13938502856584714,0
0.13485468040431686,0.13802050881390715,0
0.1368322183700373,0.13788290443869325,0
0.13454460667024734,0.13705097905171176,0
0.1358460374041708,0.13800273450852055,0
0.13426934908931162,0.13834532936178448,0
0.13559270472191035,0.13789296352360955,0
0.13563997265491476,0.13705722935690215,0
0.13735211680257806,0.13964343962107534,0
0.13642878070218367,0.13936676595536976,0
0.13453718443283444,0.13791444894770274,0
0.13828087308950654,0.13954377655159025,0
0.13627667366570567,0.1393551442941543,0
0.1348942331168515,0.13845344010938093,0
0.13702334098344715,0.14045241466868433,0
0.1370597197128783,0.13977362175887564,0
0.13622964988524836,0.13886874359099574,0
0.13627056985204444,0.13925513941110396,0
0.13584174031935295,0.13936886566726886,0
0.13622725719029288,0.13700131842375168,0
0.1380274915767377,0.14017798720640726,0
0.13782308706479815,0.14021060598662072,0
0.13616197079935505,0.1393026514966562,0
0.1382970848185952,0.14112901020557791,0
0.1359794423555839,0.13831207578495044,0
0.13611099174764407,0.13818789979979598,0
0.13618194247765988,0.13964729723131025,0
0.13702358513599408,0.14171106987645887,0
0.13597836808438002,0.1388052639289026,0
0.13677870013184246,0.14060852580692426,0
0.1386030079593725,0.14076810391132444,0
0.1372556765467065,0.13886923189608918,0
0.13626534498754928,0.13878255774207826,0
0.13628643976756696,0.13949304165242496,0
0.1361313052395132,0.13991483959177753,0
0.1389878412031832,0.14194833732115972,0
0.13741950290541596,0.14014668684994416,0
0.137030226085259,0.13911650959519575,0
0.1357117046730803,0.1400045900678755,0
0.13719673812197908,0.1392972801406317,0
0.1387745983690617,0.1410976121880959,0
0.13938937448117542,0.1413299477513547,0
0.13664090043459226,0.1398944284388897,0
0.13526685873333685,0.13824625225841156,0
0.1391565017823142,0.14223521656330962,0
0.1399812002539186,0.14091620684603742,0
0.13518628839298807,0.13871658772401035,0
0.1373146638019435,0.14086415352312212,0
0.13851149958494052,0.13986762048928195,0
0.1359144977782121,0.13908955515406096,0
0.13932775037843662,0.14157942282337993,0
0.13690229015088715,0.13943258948190995,0
0.1371307192734011,0.1397291859954096,0
0.13890194833732186,0.13976209775868148,0
0.13633722349724234,0.13861814541725662,0
0.13499814444064698,0.13975462669075756,0
0.13835577909077446,0.140760193368818,0
0.1376156550612828,0.14028321695395327,0
0.1365628204502181,0.1391430733922554,0
0.13680331070853088,0.13992470335465668,0
0.13660974656965733,0.14045636993993854,0
0.13804336149226076,0.14038283119293002,0
0.13891288637140567,0.14175423604668186,0
0.13830914595439284,0.14244924068558126,0
0.13625557888568818,0.1386642902485471,0
0.136635236095513,0.1394756579911122,0
0.13522354607158638,0.13955847453488934,0
0.13615650178231353,0.1394902094828853,0
0.13605659456028138,0.1386639484349831,0
0.13581600664094945,0.13909673323892813,0
0.1362392206650715,0.13903608574637447,0
0.13743566580399486,0.14064480687533545,0
0.1377012549440895,0.14004341032277035,0
0.13664832267200633,0.13963362468870608,0
0.1364632550417505,0.13975882611455712,0
0.13698891547438866,0.13990463401533249,0
0.13767527711314084,0.13969798329996685,0
0.13664749255334696,0.14168733824893914,0
0.13683275550563986,0.14050715366961375,0
0.13604531471263304,0.14042253039699262,0
0.1380271497631726,0.14185248303139933,0
0.1371632403925964,0.1394112505493441,0
0.13546740563504114,0.1398684017774317,0
0.1380295912886371,0.1410516138483326,0
0.13635074954831694,0.14041789149860856,0
0.1377161482494265,0.14086337223497314,0
0.13525357683480607,0.14006015918746104,0
0.1353802920064463,0.13904248254309326,0
0.13871878509692867,0.14081825284437827,0
0.13813667659553694,0.14271180233409786,0
0.13709414522193478,0.14012832657844726,0
0.13619664046096122,0.14053283851750545,0
0.13648474046584333,0.13941159236290876,0
0.1342517212754535,0.13786132135358228,0
0.13482772596318146,0.13898886664387922,0
0.1362280873089513,0.1394836173641303,0
0.1353329264124243,0.13801772547487728,0
0.1363859075150152,0.14008823673030935,0
0.13655534938229488,0.1402915669710431,0
0.13458904243371206,0.13911611895112105,0
0.135530543483569,0.1388283607598029,0
0.1370743200351577,0.13930904829337415,0
0.13671111870696942,0.14057512573856187,0
0.13551745690707606,0.13942233507495494,0
0.13559021436593607,0.13964397675667753,0
0.13542072366814806,0.1383565603789254,0
0.13503647639044875,0.14005488549245546,0
0.13647116558425731,0.1396312319937501,0
0.13520967820694346,0.1389983397626844,0
0.13673607109722108,0.14078783143708265,0
0.13487518921822328,0.1392892231065986,0
0.13669153767273845,0.139048488695738,0
0.13673631524976854,0.14123336100395706,0
0.13781830167488565,0.14174456760584098,0
0.13566316714683307,0.13786307925191751,0
0.13494067093119844,0.13870364763904527,0
0.13834615948044318,0.1410086918306562,0
0.1361050344255096,0.1395809853996788,0
0.1365326431954689,0.13969163533375645,0
0.13777479369109835,0.14082010840373116,0
0.13891645099858552,0.14149426241515695,0
0.1393568045314706,0.14117495971482985,0
0.1375511987890029,0.14071233946970174,0
0.13958030177254735,0.14135026124322544,0
0.1383207676156064,0.14129156697104456,0
0.13990053225255142,0.14090668489672395,0
0.1374921138727476,0.14114732164656582,0
0.13647326529615694,0.13916875824014968,0
0.13787665413350406,0.14099682601689514,0
0.13791264221885907,0.14140070315933442,0
0.1365014893305336,0.1402755505639923,0
0.1400274427462276,0.1415098881781337,0
0.13659270472191062,0.13992123638849566,0
0.1390089359832021,0.14041735436300726,0
0.13684237511597278,0.14124459202109566,0
0.14152312124615504,0.1431660237316294,0
0.1381118218663032,0.14241696371893248,0
0.13672659797841785,0.14037990136237216,0
0.13989950681185667,0.14262087992577835,0
0.14007954489965282,0.14136945163338094,0
0.13815357195175604,0.14141471751550458,0
0.13876571121636827,0.14181249084427922,0
0.14909883295082904,0.1496097465696579,0
0.14138248937936446,0.14292279896479393,0
0.14052053322916225,0.1431397529176238,0
0.1432107036476387,0.14404726793300465,0
0.14397875872845373,0.14419976561355552,0
0.14219605449484907,0.143423507007178,0
0.14201220762732567,0.14451198789003378,0
0.14155364031446932,0.14365164314663886,0
0.14418799746081415,0.14539616192196922,0
0.14477049660628022,0.14503818545827468,0
0.14264011914644256,0.1432596318179603,0
0.14124649641095818,0.14325870403828303,0
0.1415395282972809,0.14390722203232725,0
0.14317632696909127,0.14666365545192614,0
0.1403487963279459,0.14469109819815545,0
0.14497792860979666,0.1465231700766639,0
0.14418619073196956,0.14576571121636894,0
0.14177469603008092,0.14349958494067108,0
0.14242321402412295,0.14309180135748895,0
0.14241671956638524,0.14451818936471467,0
0.1453932320914118,0.14524625225841056,0
0.1408923775574979,0.14242165144782465,0
0.14389779774403028,0.14438834904048062,0
0.1447002783339029,0.14546906587235642,0
0.14334293666683096,0.1437284535377709,0
0.1442153913765325,0.14572449826651676,0
0.14511021045949551,0.14629532692026073,0
0.1413846867522832,0.14279134723375256,0
0.1407931051320868,0.14248859807607858,0
0.14404189657698155,0.14417862200302814,0
0.14300859416963754,0.1437679085892854,0
0.14316006640949278,0.1431887299184546,0
0.14235529078568376,0.14406782557742084,0
0.14361365301040105,0.14521338932565145,0
0.14307671273011546,0.14576273255530228,0
0.14050051272034786,0.14291161677816416,0
0.1409072220323259,0.14244274622784386,0
0.14127965232677295,0.14388231847258234,0
0.14446428048244578,0.1442224718003808,0
0.14431471263245238,0.14506470042482542,0
0.1411365301040092,0.1417556033009431,0
0.14115410908735776,0.1418826114556382,0
0.1406290346208316,0.14119126910493646,0
0.14524263880072286,0.14537081888764125,0
0.14271072806289326,0.14526148737731395,0
0.1458151765222912,0.14737799697250795,0
0.14365589140094814,0.14594179403291296,0
0.14442375115972414,0.14497636603349853,0
0.1423437667854873,0.14430182137799705,0
0.14647512085551226,0.14676702964011887,0
0.14441271546462245,0.14564729723130992,0
0.14313589530738924,0.14466765955368974,0
0.14300102544069762,0.14417095561306711,0
0.14686674154011484,0.14655998828067898,0
0.14373690121588129,0.14456389472142156,0
0.1438753845402611,0.14410249523902666,0
0.14527540407246514,0.14631095268323654,0
0.14576214658918948,0.14529078568289602,0
0.14416729332486966,0.14464007031593495,0
0.14266726890961556,0.14421968846135175,0
0.14246320621124134,0.14429205527613798,0
0.1441971775965628,0.1448881781336982,0
0.14187050148933106,0.14422149519019592,0
0.14192983055813216,0.14423946481761765,0
0.14352229112749693,0.14467088236730408,0
0.1446702964011919,0.14395673616876006,0
0.14263352702768695,0.14420411152888488,0
0.14266697592655928,0.14448747497436507,0
0.14381649494604248,0.144162605595977,0
0.14356540846721036,0.14441735436300573,0
0.14696713706723935,0.14729894037794866,0
0.14606914400117174,0.1470215342546021,0
0.1466699057571167,0.14469065872357142,0
0.14655188241613507,0.14855481224669265,0
0.14557522339958004,0.14528917427608815,0
0.14688656672689093,0.14838497973533968,0
0.14585077396357332,0.14859817373895268,0
0.1443678890570831,0.1454861565506128,0
0.1466741051809173,0.147195663850774,0
0.1473339030226094,0.14862200302749226,0
0.1439408174227265,0.1460859905268817,0
0.14584481664143842,0.14649606914400187,0
0.14482040138678698,0.14670228038478572,0
0.14347966209287635,0.14545783485521765,0
0.14461692465452464,0.14739293910835607,0
0.14187816787929006,0.1454758044826418,0
0.14515694125689846,0.145996923677914,0
0.14421592851213424,0.1457492553347341,0
0.1457339225548129,0.14615440207041486,0
0.14450969285609658,0.14521617266468206,0
0.14446164363494254,0.14702920064456335,0
0.14579369109819862,0.14772825821573332,0
0.14243219883783526,0.1461281800869181,0
0.14340939498999064,0.1448373455735148,0
0.14509497534059532,0.1458534108110748,0
0.14306738610283762,0.14625885052981194,0
0.14602265735631673,0.14781869231896133,0
0.14146711265198578,0.14543674007519902,0
0.14370760291029933,0.1468945260999075,0
0.1417970115728321,0.14502045998339935,0
0.14240729527808954,0.14695903120269585,0
0.14147770887250413,0.14531231993749755,0
0.14230948776795815,0.14602509888178258,0
0.14234283900581196,0.14659319302700352,0
0.14296406074515436,0.14668152741833132,0
0.14591454660872144,0.1478671810146995,0
0.14457942282338127,0.14906401679769507,0
0.1451735924605704,0.14662405390888267,0
0.14487977928609894,0.14855847453489066,0
0.14641095756628794,0.1499406709311972,0
0.14534386444650685,0.14952902973777948,0
0.1452412227159529,0.14960730504419245,0
0.1445420674837645,0.14834581766687988,0
0.16760667024757067,0.17317823135895413,0
0.16867566775721596,0.17318028224034301,0
0.1689870110845264,0.17333829776844553,0
0.17138927682015792,0.1768473069974114,0
0.17734952878558696,0.18106865569607888,1
0.17938278236242045,0.18204209189902024,1
0.17940148444748255,0.18501274476292795,1
0.17999711899995186,0.18646301088920525,1
0.1834860100590848,0.18837145368426264,1
0.18431310122564548,0.18940568387128429,1
0.18820137702036344,0.19291903901557786,1
0.1862464964109578,0.18859377899311616,1
0.1854833243810749,0.19062957175643336,1
0.18952912739879935,0.1959712388300228,1
0.19127579471654052,0.19789545387958632,1
0.1969333463548044,0.20470540553738054,1
0.1974104204306866,0.20535411885346175,1
0.2002991356999858,0.20944655500756934,1
0.20207295278089832,0.21210508325601973,1
0.2014760974656981,0.20993280921920127,1
0.2039354948972118,0.21437745983690665,1
0.19882596806484684,0.21076663899604733,1
0.2019641095756648,0.21295893354167908,1
0.20459275355242185,0.21845900678744165,1
0.2051269104936775,0.2192059182577284,1
0.19831114800527214,0.2109530250500531,1
0.21253191073782948,0.21671385321548975,1
0.21065052004492646,0.2165947556033032,1
0.21156452951804453,0.21540280287123476,1
0.21140045900679014,0.21909473118804867,1
0.21011611895112065,0.21576449045363646,1
0.2115818155183361,0.2175882611455661,1
0.20984349821768886,0.21734567117535256,1
0.33932711558181816,0.3301223692563143,1
0.3578231847258232,0.3516400703159385,1
0.33117188339274856,0.3354318081937625,1
0.4384265833292715,0.3640370135260547,1
