Bearing 3-x,Bearing 3-y,Label
0.009777194818840762,0.011635470705682494,0
0.007095534655798153,0.00687113352376012,0
0.010614208352031196,0.009688419541018732,0
0.005119848416657857,0.003402530455605346,0
0.0025233403462910924,0.009519265289279044,0
0.00876262340351286,0.01486884690954704,0
0.009868339095816579,0.011575043537880305,0
0.008275994962782973,0.010773390384385071,0
0.010030601139079607,0.01433503874552722,0
0.007338218119924522,0.008329958263435744,0
0.008104429264944313,0.007764786517507893,0
0.01108475250859592,0.01453618385080524,0
0.0069614989543616565,0.005840317131811434,0
0.005637226224191438,0.004729000879645895,0
0.010474022777236249,0.012684896156223924,0
0.006246694443068246,0.011062353519001531,0
0.003217802968778216,0.008373240006467442,0
0.009787917674957958,0.01162689799329586,0
0.006274763095837632,0.0043497106291359175,0
0.008893032256558464,0.016223544557294026,0
0.00985004716479465,0.01073826317265436,0
0.0075895744823765154,0.007690768464214127,0
0.006631455750713777,0.013412113075327636,0
0.007945163313829884,0.005624953869393989,0
0.01006608117769764,0.015233500821829947,0
0.009015714345634862,0.013381167674520687,0
0.011421418652786064,0.013118968129790076,0
0.007227993466627447,0.013049340977959734,0
0.004764417274266797,0.003258257978844159,0
0.00790921020803076,0.012472878342543292,0
0.008377862095870048,0.0039838021735807425,0
0.011437187558837214,0.010767326758552742,0
0.009482789342870944,0.014712447181115753,0
0.005200742904699574,0.011756325041288762,0
0.005196012232885627,0.007058269562461583,0
0.011411641931033722,0.013660512644017131,0
0.008055861034306055,0.011541170869420971,0
0.007766343919211381,0.011212689621602046,0
0.008248714755311581,0.011223980511084196,0
0.005799015200280866,0.010785726726607379,0
0.010277542207837055,0.011455861926640276,0
0.01205044031516178,0.012051560892291535,0
0.008719258911873251,0.012487932861859341,0
0.009932833921567352,0.0091178114408893,0
0.009657508821914018,0.014934919522097691,0
0.006252213560185571,0.005631853857420266,0
0.009160157525063384,0.005791389944041825,0
0.007705318252791694,0.012036715463520364,0
0.009389595108105941,0.011424916525826443,0
0.009347807507073091,0.0114525164778998,0
0.009698981044824641,0.014974646725845697,0
0.0073068379968825314,0.012079997206546287,0
0.009877327372263987,0.01184916124373092,0
0.009764422004937934,0.015912626915350336,0
0.007945794070068235,0.012132060752512495,0
0.007748998122550754,0.006129280266428006,0
0.0106921067479262,0.01431642968692737,0
0.007914887014211502,0.010304400289633309,0
0.01107134893845274,0.01831131365944849,0
0.009905553714095905,0.014191393540396113,0
0.005316171296997074,0.00967085593515038,0
0.004324937862623057,0.004580128410869966,0
0.010190655535498028,0.013518121982172282,0
0.008760415756669806,0.0104114546492029,0
0.007377325006930058,0.009056338820355059,0
0.009745026250496171,0.009586383354554529,0
0.006907253917548485,0.007533741464138877,0
0.00766983821417655,0.013005013782199204,0
0.0077471058538265405,0.010064782523876659,0
0.007877514706870536,0.015592718379916047,0
0.007646657922283638,0.013371131328305363,0
0.00905765963572802,0.012473923795278565,0
0.009731464991291685,0.007713559333730412,0
0.008080933594930841,0.006071989456818304,0
0.015620678334185456,0.015802436197587255,0
0.0067464110758247995,0.00919433858073837,0
0.010036751012440392,0.009500656230675308,0
0.010849795808436202,0.014714538086572082,0
0.009637640000288937,0.010353745658498892,0
0.007073458187327243,0.010458500022064166,0
0.012186683663441332,0.013079031835496413,0
0.010920282818484284,0.018554904145576367,0
0.010728059853720662,0.01143913468295743,0
0.01060143553813292,0.01147405280414815,0
0.013000043837559537,0.01951922974388509,0
0.011572957839941056,0.012920332111060806,0
0.012706269117824465,0.011394389306103704,0
0.01192286986520952,0.016357362506756346,0
0.0089866995584999,0.010504290851639177,0
0.01280245944473668,0.009033129769748129,0
0.013075103830363477,0.020738436717803843,0
0.008494552000647027,0.013141968089857127,0
0.007443081345165303,0.007733632026146964,0
0.009309646754429636,0.01197691556735925,0
0.00945550913539872,0.01053586352409186,0
0.011264044970395848,0.013389949477450648,0
0.010594970286649408,0.016916888807945396,0
0.010659938179580108,0.014119675483115103,0
0.008925673892085872,0.012304978634079531,0
0.006997925127345539,0.014472829415361653,0
0.007605343388427277,0.012497760117526235,0
0.008889720786287525,0.015538354837949409,0
0.012547949301073835,0.015807036189597334,0
0.00920210281515893,0.011972315575342285,0
0.008983861155409223,0.009911519153636084,0
0.01164234102656414,0.017474115113128796,0
0.013046719799469642,0.015739290852687767,0
0.010440119629227695,0.01301275013240466,0
0.012052332583890268,0.015724654514461256,0
0.010061192816818445,0.012919077567781212,0
0.009754329905065641,0.01522011902688647,0
0.013613296593883216,0.01451736570166273,0
0.006645174698983014,0.012343451294551609,0
0.01045667698058167,0.012193742463593948,0
0.0111915080025618,0.013224140674450435,0
0.007710048924608305,0.013316349605250856,0
0.009522526986115555,0.012369796703353251,0
0.0141171131422137,0.018591913172220864,0
0.01185001751925302,0.013107468149758272,0
0.011965603600609886,0.017216933741504903,0
0.013661076379217095,0.0164807259289238,0
0.0116593714450966,0.014049211969097477,0
0.010637546332985637,0.015926426891388568,0
0.010676810909055812,0.017736523748398403,0
0.009571252905816063,0.009121784161267077,0
0.012846297003560605,0.019096657750348082,0
0.012087497244383684,0.012689705238785765,0
0.007495907180431859,0.006854197189527289,0
0.010068761891724176,0.011189898752083871,0
0.014210622755097213,0.023766695096009042,0
0.012198983410162291,0.014281929746826629,0
0.010243639059834107,0.014506702083815659,0
0.01283746641617428,0.016940725130193734,0
0.01109027162571652,0.017412433402045457,0
0.010000009461345216,0.010613436116672427,0
0.01274679520637928,0.01970427487712345,0
0.012064947708730513,0.01570019092057939,0
0.010178040410659115,0.012205451534166191,0
0.010946932269708665,0.016598025725247822,0
0.010744617205074079,0.017177415628306103,0
0.00783761937455879,0.017414315216962132,0
0.011286121438869146,0.018094068582115156,0
0.012728503275355465,0.018107868558155604,0
0.013628592432753885,0.016632943846432546,0
0.01625584986991918,0.022840842158169616,0
0.01166946354496945,0.017383787997237277,0
0.01597390182973124,0.018116859451635103,0
0.013206301128705909,0.02016887407040746,0
0.012588790767747328,0.016662007432334924,0
0.00942996350759906,0.008022176979671225,0
0.009960429507152702,0.006419497944327389,0
0.011445229700924764,0.015273018935031303,0
0.009362157211578792,0.013054568241612885,0
0.013370770818818932,0.013599667295121298,0
0.008802991803008142,0.017075797622932543,0
0.008773977015874124,0.0164888804602138,0
0.011104305952097993,0.011346925752157677,0
0.0058078457876699074,0.013157440790263151,0
0.012516726867093595,0.017250179138322275,0
0.012226578995753912,0.020038401569684058,0
0.010967904914755857,0.02134689020676306,0
0.008641991272226923,0.010064364342784349,0
0.011692801525924723,0.017840232659233513,0
0.010084215419655762,0.017672960222404718,0
0.008877105661442342,0.013833430525590606,0
0.01008232315093005,0.020808063869635074,0
0.007826423451262221,0.01962398410744381,0
0.0111150288082158,0.016700061911710033,0
0.016015847119828286,0.019123421340241253,0
0.011345885592802696,0.01586077245992734,0
0.009570464460511295,0.021104554263911,0
0.01457362297239462,0.020243519395341858,0
0.010066711933940207,0.016639007472269096,0
0.013263699946730156,0.015608818351958598,0
0.01235809167221924,0.016685216482944187,0
0.010665299607638068,0.01650978951481763,0
0.010986827602019687,0.016190090069932883,0
0.012025683132660558,0.014928855896259585,0
0.010142875750168534,0.01921395754667543,0
0.011520132004667729,0.015810590728880136,0
0.013223489236299568,0.02149597176608009,0
0.010247738975405596,0.016193644609212018,0
0.0074656308808137015,0.010368591087262069,0
0.010866826226966886,0.01745216060579569,0
0.008528455148658076,0.010427763711793324,0
0.01008610768838458,0.010767535849096066,0
0.01455375415076776,0.01818899569001442,0
0.01237401826733231,0.017791514562008448,0
0.008500859563066121,0.014208957146270353,0
0.01223588265032316,0.01624696269845627,0
0.01112701317681436,0.020077501501792768,0
0.012100743125468159,0.014497502099792612,0
0.011366858237850386,0.015815608901985856,0
0.0115494621699192,0.014590756483321088,0
0.011719293288089794,0.016931525146173354,0
0.01593731796768944,0.024000458326479124,0
0.008356731761760494,0.017182433801411268,0
0.007660849937729586,0.008739984824207792,0
0.011436872180716928,0.020590400611214088,0
0.009666181720241251,0.0161971991484966,0
0.00953971509371315,0.015179137279856203,0
0.015152972580708912,0.014680038146482222,0
0.010335729471171728,0.012556514560960965,0
0.011379157984572286,0.01738169709177806,0
0.013262911501429995,0.02286614211424853,0
0.0067929293486787565,0.013488849305726693,0
0.011646598631198657,0.015776718060425576,0
0.01748929370123542,0.019191375767701246,0
0.009069801693390778,0.01562721832001035,0
0.011891174364048018,0.02308045992392671,0
0.01290259199816235,0.016577116670641327,0
0.008747958320891536,0.013429885771742313,0
0.012827532005360852,0.020100083280758074,0
0.011448383482135505,0.018914539884755218,0
0.011156501031125421,0.017399051607103092,0
0.008971403719631399,0.01629400807131065,0
0.011215161361635528,0.020021256144911903,0
0.009485785435016379,0.01455416563776779,0
0.011987364690956959,0.013973312100884594,0
0.010553024996553029,0.015852827019184557,0
0.011417318737214022,0.012472041980364891,0
0.012493704264256555,0.013047040981956859,0
0.00904141766249972,0.01590865419497256,0
0.010060246682456364,0.01224789691501327,0
0.00892583158114596,0.014834556059993509,0
0.01177748055142258,0.017748441909526957,0
0.008098437080645449,0.01736915165902031,0
0.01224203252368572,0.01482138335559968,0
0.00984594724922555,0.01453618385080979,0
0.009286624151590985,0.017279451814771533,0
0.00768008800310993,0.0180342686859507,0
0.011978218725448795,0.020331546515225733,0
0.00968636591998967,0.016204308227063757,0
0.008684409629503897,0.0118788521012676,0
0.014230806954844131,0.01737312437939098,0
0.008012181164546772,0.00889429364718386,0
0.009544445765529095,0.01644810780373973,0
0.00887205961151033,0.01421042078008461,0
0.009038736948468571,0.014105875507072985,0
0.012860489019004495,0.01626598993814521,0
0.014115536251612269,0.018331595442412918,0
0.007961720665183747,0.014176757202174373,0
0.011083333307052023,0.011675825181069131,0
0.011428672349567516,0.021963498227014374,0
0.009279528143868676,0.013309867798317221,0
0.009597902357039056,0.011458371013188915,0
0.011855221258252002,0.021283326680767045,0
0.0050720686313248655,0.012440051126819007,0
0.008648141145583765,0.010812699407041436,0
0.01261827862206144,0.01756548768174204,0
0.007072354363904909,0.011352362106353152,0
0.007851338322823198,0.009730864921860037,0
0.011597084266193712,0.014941819510113419,0
0.00732024156702621,0.01458281104257031,0
0.0069277534954144135,0.013808130569520571,0
0.009563526141850465,0.02248183369063228,0
0.007383947947470938,0.010783844911682716,0
0.011368435128456368,0.0142522388892935,0
0.009995594167649113,0.018075668614065288,0
0.0073558792947030485,0.013830294167393231,0
0.013849830184648193,0.013910166755981446,0
0.008380858188023643,0.02433709410558793,0
0.007677880356265265,0.012940404803477357,0
0.006179203525169263,0.016012154015258684,0
0.009465758924334544,0.013056659147071992,0
0.004893249236704089,0.016922952433782945,0
0.005548762661246209,0.012743023328021684,0
0.007801981646887445,0.017787960022723537,0
0.007844084626039359,0.01468965631159369,0
0.007064785288999842,0.010660481489527696,0
0.008218123077570416,0.0173338153567415,0
0.009467651193058093,0.019493511606724856,0
0.007956201548063313,0.009550001599541223,0
0.0092284368882653,0.016531116750515773,0
0.0025843660127077284,0.010117055160388187,0
0.009643632184590243,0.010930626475003423,0
0.006464305346572996,0.013955121223384936,0
0.007665580609544198,0.013448494830337944,0
0.00693201110004632,0.013986275714742645,0
0.009020918084632124,0.020136465035775708,0
0.009915645813972529,0.009515919840540454,0
0.006061409796967177,0.0068081972693995185,0
0.006168953736235272,0.015883772419995057,0
0.010918548238818382,0.017837723572678543,0
0.0110748180977856,0.02045741902393605,0
0.008352474157127143,0.01634439889290606,0
0.00697616403699325,0.01566318189392768,0
0.005387604441409122,0.005922280625860754,0
0.006571376218656444,0.01655850761204214,0
0.00875994268948388,0.0112248168732747,0
0.007161290994027514,0.01289168670625529,0
0.010684064605838706,0.02045135539810272,0
0.008111525272662345,0.011423452892001862,0
0.008235784252349942,0.012776477815388931,0
0.011700528289889931,0.016934452413810863,0
0.009577718157294468,0.0171657065577272,0
0.009598217735160341,0.013814612376444657,0
0.01067507632938963,0.0166783164949249,0
0.009771991079841169,0.00921273854879201,0
0.0100791693697187,0.01814278667934488,0
0.009502342786370131,0.01549402764218799,0
0.005843956582523069,0.013282058755697991,0
0.005457303006152381,0.012330278590153787,0
0.00823436505080388,0.012030442747142822,0
0.004279681102259902,0.01137828933406293,0
0.006107139624516532,0.012490441948409536,0
0.009515746356514032,0.019671029480302197,0
0.00964520907519606,0.01580389983140762,0
0.009007829892610451,0.017179088352670683,0
0.009845158803921727,0.0209153273197491,0
0.009029275604836684,0.008076122340551328,0
0.007723610183810514,0.011984651917556377,0
0.012141426903075124,0.025500264813173246,0
0.003782329805407103,0.009963373609053085,0
0.009860770020909848,0.013676821706605335,0
0.013802050399316312,0.020183092227539223,0
0.00779914324379427,0.01548754583525991,0
0.00731204173587513,0.011482416425989685,0
0.009676116131052348,0.017900241645942616,0
0.003063898445723745,0.009807182971166785,0
0.00664911692548803,0.0130296864666396,0
0.009668231678029438,0.017680069300971546,0
0.010521802562577455,0.017422469748259006,0
0.008132340228657109,0.01269869613226293,0
0.009053244342034195,0.01578173623352896,0
0.004025170958593671,0.010568690739820252,0
0.009980298328780668,0.01226190598160104,0
0.008826802851144344,0.019007585177738817,0
0.009140288703438582,0.01529058254089366,0
0.005343609193523946,0.014805701564644225,0
0.010726640652178931,0.019382275436230167,0
0.010461565341456092,0.017196442867991938,0
0.00788429533647178,0.01164968886281337,0
0.012545426276109772,0.01280951412165976,0
0.008100487038430415,0.010180618686375651,0
0.00989577699234634,0.019954556260725176,0
0.01009036529301688,0.017936832491497023,0
0.005597173202826654,0.008504130688282152,0
0.006205222220153073,0.013504949277771459,0
0.009388491284684608,0.013299831452105892,0
0.0089884341381683,0.012350769463661315,0
0.00853807418134761,0.012976786558485331,0
0.010453523199370264,0.02121746315877071,0
0.0074372468499248065,0.012637014421185477,0
0.007481872854050775,0.016814643530939092,0
0.013106010886221651,0.0210917997406036,0
0.007975439613446433,0.013112277232314562,0
0.009383287545685015,0.013617230900993538,0
0.010416466270148694,0.01358670368126802,0
0.00861991480375385,0.016110426571891212,0
0.008675421353053547,0.015087555620702188,0
0.012278774074782894,0.01799516875384688,0
0.010431131352779288,0.016153290133830378,0
0.006835032327833945,0.009454029038912235,0
0.009030694806385077,0.01778879638490638,0
0.007663530651754623,0.011302807646942137,0
0.009693146549589249,0.00933610197095025,0
0.006155550166089485,0.009147711388972746,0
0.007153091162882597,0.01638182610064476,0
0.006263724861602038,0.010551754405590195,0
0.00750253012097768,0.01264746894848512,0
0.006033971900442693,0.009492083518290895,0
0.007818223620120468,0.011830761275677393,0
0.006116443279086281,0.005987935057307436,0
0.006307562420425184,0.01374770340171605,0
0.008580492538626305,0.01874831290065282,0
0.008075099099692673,0.013370085875582638,0
0.004156368256941656,0.007204423854134667,0
0.004379655966621099,0.012279469587463177,0
0.005628711014924848,0.012557769104239114,0
0.009968313960180941,0.011892024805663315,0
0.006114235632241893,0.009043793387591759,0
0.012979386570629636,0.018090514042838568,0
0.009724999739813,0.019344848228492032,0
0.004488776796495121,0.01623337181296547,0
0.0056471606350060885,0.008547412431312407,0
0.006163119240999715,0.013420894878262144,0
0.0051010834184611045,0.01120453509030872,0
0.007210963048090269,0.013079868197683586,0
0.008473894733720733,0.012004306428885723,0
0.006231083226076739,0.008005449735989822,0
0.005948662118700987,0.014812601552665394,0
0.005597015513763737,0.01367703079715521,0
0.003626059946439386,0.009894373728856263,0
0.01131340164633965,0.01629860806332728,0
0.00985588166003587,0.014524892961325088,0
0.007904321847158169,0.01183138854731558,0
0.01059528566477008,0.016549516718564417,0
0.012634205217174066,0.0120095336925401,0
0.0017733711744983836,0.010025682591766059,0
0.009982505975625168,0.00975261033865149,0
0.0069305918985076995,0.012176806129362784,0
0.0077294446790494575,0.009304947479592984,0
0.0074340930687124,0.008383276352674105,0
0.00449019599803957,0.006219607382319414,0
0.0076722035500809685,0.005052045773263457,0
0.012107208376946177,0.014308484246175925,0
0.010520067982906613,0.01071421775985859,0
0.008291606179770095,0.011897042978773477,0
0.01059780868973631,0.015140455528845463,0
0.006730957547894489,0.012157778889673398,0
0.006785833340954839,0.010165355076523276,0
0.009695669574557031,0.005162027400478997,0
0.0035934183109149202,0.005865198906790492,0
0.006710142591909107,0.007722132046115827,0
0.010839072952321505,0.013780530617443776,0
0.00851946687221383,0.01005830071695335,0
0.004575505779775335,0.011497470945298294,0
0.00906727866842616,0.012946259338766808,0
0.005172989630053526,0.0060560985753179706,0
0.0021220216872906983,0.006439779727289818,0
0.011891016674985877,0.013894694055575862,0
0.005574308289048091,0.004771864441584728,0
0.004499657341672514,0.014355947800122837,0
0.007526814236290036,0.010463518195164223,0
0.007583897676198603,0.009254974839092656,0
0.005869029143145354,0.009629037825943263,0
0.0118842360453823,0.014718719897495737,0
0.007758459466182643,0.013718012544179035,0
0.010290472710802469,0.01583965431477985,0
0.008826487473021059,0.014735656231723569,0
0.007652807795640205,0.010199018654435177,0
0.007324814549779123,0.006564606783274196,0
0.012471785484851172,0.013167895317564128,0
0.003914157859993106,0.007500705157869936,0
0.005547658837822933,0.003149739985453093,0
0.009982663664684257,0.01545994588318389,0
0.007340268077709211,0.0060629985633354755,0
0.009103389463276657,0.00827245836327628,0
0.008618337913144258,0.01313423173965289,0
0.00882932587611307,0.005450781444557795,0
0.00558834261543889,0.006216680114673578,0
0.0022464383560349965,0.0,0
0.009583552652533966,0.019709711231313487,0
0.0055448204347365295,0.012063688143962858,0
0.0065893527715573654,0.007434841635864163,0
0.005944404514068469,0.005970371451443302,0
0.005662771852000925,0.008065040541612611,0
0.009023441109598795,0.011749006872177059,0
0.010839546019501656,0.011646343414075777,0
0.010062296640241386,0.011800024965407108,0
0.007958409194913363,0.007888149939661249,0
0.005152016985003449,0.007558205058024292,0
0.004540971875523436,0.008989011664531366,0
0.006672454906446856,0.01238986939577258,0
0.007379374964714636,0.0066212703212467075,0
0.0060342872785608135,0.008596966890720538,0
0.007089069404315863,0.008378467270115375,0
0.0049307792331064184,0.008859166435446597,0
0.006048163915886196,0.00960122878332026,0
0.0075984050697674435,0.010941499183399706,0
0.007936805793623271,0.007909477175359392,0
0.011736481395688891,0.010519763552046757,0
0.006408325730088371,0.009101502378304205,0
0.005466606660722685,0.014522802055855988,0
0.0011347304794318005,0.008807311980030708,0
0.005361743435484401,0.0026834680677940703,0
0.010454311644672977,0.009259365740558523,0
0.005439011075136668,0.01220754243962685,0
0.007438666051470587,0.010622636100694027,0
0.005956546571730892,0.010591690699880751,0
0.005565793079783832,0.005677644686999384,0
0.004521260742960664,0.0036193573518426,0
0.005740512558828292,0.009482465353177094,0
0.00797291658847804,0.009726892201483595,0
0.004497134316698404,0.0069294697861008725,0
0.006404698881702864,0.009872001040435063,0
0.0034418791237658675,0.013872948638790072,0
0.0065631763875150795,0.00837763090793564,0
0.009070432449637178,0.012577841796653557,0
0.005264291596087378,0.00676470643582805,0
0.005832602970168965,0.005486535927928249,0
0.007260635102153745,0.007397205337580259,0
0.007140633727104273,0.012003888247791084,0
0.003499593319910399,0.006945569758144976,0
0.006764229939663857,0.006484943285233968,0
0.008571977329359104,0.007761650159315847,0
0.005078533882806047,0.0053054635150573395,0
0.00955106870607142,0.011276671328688592,0
0.005405107927120123,0.007956104367127015,0
0.006338154098162685,0.010219509527941706,0
0.009963425599303688,0.011787061351558492,0
0.01075770539709564,0.01444564764437295,0
0.005892524813160826,0.0075429414481651405,0
0.011984368598810136,0.013217658867520464,0
0.009863766113062222,0.013058750052533765,0
0.0028169573769639693,0.003792902505047824,0
0.00946150131970086,0.011941161083981577,0
0.007251489136643863,0.00757095958133247,0
0.009207621932275256,0.01619280824703206,0
0.005543243544129661,0.007286178257638888,0
0.01038382463462717,0.008618921398054423,0
0.0052185617685373,0.006843324481136892,0
0.0065779991591997655,0.01282519591261333,0
0.0064281945517190575,0.008469839838731508,0
0.0057933383940990115,0.00990691916162145,0
0.007008490294393099,0.01241036026928688,0
0.004854930795001711,0.002306477813293073,0
0.005404792548999393,0.007743459281808752,0
0.0065152389131203905,0.010660690580073129,0
0.006676397132961309,0.006777460959141114,0
0.00485398466063891,0.007970531614802434,0
0.0065925065527684965,0.010625563368338642,0
0.008681255848289271,0.010143818750277587,0
0.007462319410545648,0.01055384531104897,0
0.006491427864980415,0.01049132723778845,0
0.008884674736353404,0.014043984705446544,0
0.009670597013933857,0.01446613851788481,0
0.005490102330737046,0.008397703600357631,0
0.006996978992975078,0.00893004813054632,0
0.004228589846655362,0.01298577745196583,0
0.005855152505820528,0.010141518754274824,0
0.010097461300738577,0.014483283942657075,0
0.004762682694602449,0.010445327317659124,0
0.006671666461143588,0.009897510087047423,0
0.009833332124383698,0.013221840678442344,0
0.006464147657514296,0.008950539004065727,0
0.0075932013307703486,0.011728097817573445,0
0.0060497408064897895,0.012790486881970152,0
0.008220488413478777,0.004131838280167499,0
0.0032900245584940872,0.007363750850211903,0
0.009690781213682664,0.011374734794772134,0
0.006568380126512174,0.009340701962959663,0
0.01159629582088928,0.012535814596903784,0
0.005295198651948219,0.010871035669379749,0
0.006217837344995869,0.01164843431953544,0
0.0078073430749435735,0.008462103488529493,0
0.007649811703489162,0.011614352560534004,0
0.006279493767652633,0.013203440710387482,0
0.0021371598370991678,0.005168718297950292,0
0.005515017202297468,0.006251598235863964,0
0.002735905199857613,0.005991071415502702,0
0.004582128720318934,0.012168860688613448,0
0.007901010376887618,0.010112873349461092,0
0.00484278873734173,0.01052979989825542,0
0.0072535390944327705,0.00944315633052184,0
0.007560086628061791,0.012087106285118,0
0.0062679824662373864,0.008911857253043998,0
0.007112880452451231,0.008801875625833011,0
0.003574495623655194,0.006118407558037275,0
0.003806771609789483,0.007237878341496917,0
0.006587460502829878,0.011914815675182376,0
0.006391768378735507,0.010604027042093622,0
0.009532619085989402,0.014940355876293162,0
0.007287126864316874,0.004357865160433683,0
0.007933494323348833,0.008520648841413347,0
0.003475782271773864,0.0087174030452416,0
0.010551921173128642,0.0051229274683713966,0
0.011628464389237536,0.014424947680326096,0
0.007704845185609598,0.009961073613044323,0
0.0067021004498220025,0.010197136839516284,0
0.003308789556692726,0.00445404681160666,0
0.006123696975868842,0.012607114473101366,0
0.007196140276404528,0.011494543677652349,0
0.008975503635204496,0.01311750449597282,0
0.008892559189376481,0.011679170629800615,0
0.00622051805902224,0.009054038824348631,0
0.003342850393765417,0.011830134004036985,0
0.005332886337408138,0.008350240046402058,0
0.008488086749165236,0.011838079444788874,0
0.006389718420953927,0.009855482887297208,0
0.009252247936402893,0.011193662381913437,0
0.008707116854217156,0.010607581581384641,0
0.01182557571487608,0.014056321047659305,0
0.008335759116714636,0.016946788756033282,0
0.007503318566276841,0.010133782404069924,0
0.007590993683924352,0.012465978354533114,0
0.007489441928955677,0.014308066065083282,0
0.010966328024150318,0.011647807047900692,0
0.008017384903544311,0.01430492970689601,0
0.010828665474324706,0.018530022370595308,0
0.00549183691040217,0.01191230658862552,0
0.011781265088868731,0.013343322285688351,0
0.011075291164965084,0.018810412792828246,0
0.006780314223838069,0.0128141141136775,0
0.007909683275214963,0.015409973242685228,0
0.00906065572788062,0.010421490995412563,0
0.0038096100128763295,0.0065487159017745275,0
0.008073837587206145,0.01087145385047483,0
0.014340085473779018,0.02119090865942308,0
0.00568137916113387,0.011510434559156568,0
0.004620604851081067,0.007486905181828041,0
0.00811404829763851,0.013353776812990105,0
0.00949366988804612,0.016911870634837678,0
0.011478502092690634,0.012221342415669191,0
0.008524197544024337,0.013024668293529329,0
0.004006090582271471,0.007643932181896185,0
0.007738906022681956,0.010657345131337316,0
0.016173851558453245,0.015761245360017773,0
0.006937530217163701,0.012437123859172505,0
0.006803967582910797,0.010491327237788894,0
0.014946242222383166,0.01872092203912401,0
0.008934977546653787,0.007988304311221106,0
0.007975597302504966,0.011428680155651572,0
0.008321409412207437,0.010652326958230264,0
0.005236380632375803,0.01129047130472316,0
0.004961055532725578,0.00848803071623705,0
0.011195134850952693,0.016150990137823396,0
0.007833204080864908,0.01162877980820798,0
0.010076173277572377,0.011503116390041424,0
0.008288925465742558,0.013030104647725249,0
0.0070294629394419,0.013561612815741864,0
0.008716893575966556,0.011943670170538434,0
0.0068392899324656855,0.010672399650646702,0
0.00802448091126401,0.013386185847623631,0
0.007218532122995003,0.008316158287396958,0
0.007518299027026055,0.011942415627260505,0
0.00854075489537698,0.012125578945586857,0
0.008528928215836507,0.014915683191860209,0
0.007115245788360647,0.010861417504264724,0
0.004462758101512697,0.004911955107419597,0
0.007064942978056544,0.011398989298116669,0
0.008245718663162205,0.0123649876207933,0
0.007316614718634874,0.01218684247557189,0
0.006954087568517564,0.007939586213990601,0
0.010148710245403814,0.016529444026144757,0
0.0049356675939835615,0.010751017695958986,0
0.009618086556783369,0.011198053283378416,0
0.012237932608109904,0.014634874588532963,0
0.005145551733521547,0.012535605506358238,0
0.006071659585901168,0.01887376722827594,0
0.008526089812749937,0.012605650839278892,0
0.006777948887930374,0.004792773496185454,0
0.00767204586102488,0.007475823382889545,0
0.005315540540751229,0.00909690238628702,0
0.006781891114439276,0.012444232937741108,0
0.007588943726139219,0.011722243282283109,0
0.007738590644563116,0.008049358750654156,0
0.005702351806183337,0.007579741384261651,0
0.010322956657268012,0.016680198309837246,0
0.006228717890169488,0.010028818949958995,0
0.005990922786919317,0.007043633224233514,0
0.005335251673319219,0.009088538764446041,0
0.005508551950818953,0.005732426410057556,0
0.007002813488218018,0.010260700365509412,0
0.010046685423254155,0.0133433222856858,0
0.003257067544845893,0.01020110955989173,0
0.011443968188437624,0.012568641812631287,0
0.008299490632796058,0.013649849026169392,0
0.00892567389208482,0.01423237528741994,0
0.010367582661393204,0.00912094779908057,0
0.0050608727080291285,0.009132656869663469,0
0.012342165077108336,0.014112357313999626,0
0.00788918369734709,0.01217116068461732,0
0.006373791825841303,0.011865261215767586,0
0.01025152351285763,0.01203546092024188,0
0.01015533318594486,0.01463612913181056,0
0.003481932145132593,0.009455074491639848,0
0.01194873087113174,0.011626270721655564,0
0.008387954195741398,0.008378676360660031,0
0.00939779493925269,0.008247785678843987,0
0.00429450387394531,0.006655142989705265,0
0.00856267367478486,0.013275576948768242,0
0.005267760755417572,0.00822102208895259,0
0.007454750335641025,0.009951037266837326,0
0.006101935885521492,0.009530347088215985,0
0.004683365097165547,0.006658697528989177,0
0.007674253507870431,0.0074026416917771795,0
0.007238085566496855,0.013136949916749295,0
0.011899216506132404,0.010783635821140723,0
0.006353607626095936,0.010701045055460323,0
0.009154480718885137,0.00896412988955797,0
0.007905898737761763,0.01242039661548988,0
0.006413214090967846,0.010527081721154907,0
0.006144196553735659,0.0035821392346484515,0
0.004455819782847703,0.007709168432261326,0
0.008180593081169807,0.014556465633775441,0
0.009364522547485377,0.010169118706349732,0
0.007262211992759781,0.011533643609765276,0
0.0042850425303155295,0.012415796623481024,0
0.007707368210574439,0.01401889383992061,0
0.008624960853690689,0.014010948399175494,0
0.0046803690050118965,0.00692403343190684,0
0.005621772696262295,0.010607790671926742,0
0.009375560781720915,0.014279838841369297,0
0.008659021690757496,0.012858023128337727,0
0.006937214839043193,0.012549823663487449,0
0.012947848758527836,0.015659209173556118,0
0.01185427512388948,0.014068657389875172,0
0.009444943968345054,0.011338771220861464,0
0.006301097168944447,0.012406805730000971,0
0.009202891260462864,0.008980229861597744,0
0.00960168689449098,0.015864954270853326,0
0.010253415781586228,0.018362122662128662,0
0.004218655435841379,0.010204455008629544,0
0.004844050249825649,0.003443930383721927,0
0.006926649671989527,0.01405130287455525,0
0.010234177716200945,0.013434067582662523,0
0.008679994335808572,0.010689754165973508,0
0.011694378416531035,0.011338143949225388,0
0.00895926166197103,0.01172705236484417,0
0.007279557789413805,0.008377003636294122,0
0.008911639565697571,0.009973409955262302,0
0.00784219235731598,0.014025166556302593,0
0.011418422560636188,0.015204437235931234,0
0.006653374530122547,0.006224625555421914,0
0.013936874546053912,0.017261260937265877,0
0.009040786906254705,0.01212850621322792,0
0.010064346598029515,0.016921488799961804,0
0.010117172433301623,0.011636097977318129,0
0.008178700812442319,0.011235689581663431,0
0.012897545948227118,0.01425600251912562,0
0.007860011221151708,0.014197875347322197,0
0.006307562420425461,0.011185926031705429,0
0.006004010978941599,0.008352121861315953,0
0.009784763893745664,0.01110605344312332,0
0.008092444896343145,0.015594391104282625,0
0.0061894533141021455,0.00953452889913653,0
0.007384263325592832,0.013737667055507052,0
0.00946055518533645,0.017010352282024962,0
0.006382149346047139,0.012317105885753963,0
0.006466512993419382,0.009676501379892288,0
0.008514105444149433,0.012413287536921171,0
0.00802621549093191,0.0076809412085517845,0
0.009555483999763135,0.015218446302520894,0
0.006534161600379618,0.013878384992987323,0
0.00987890426286947,0.01192046111992906,0
0.0053732547368984815,0.013396013103285864,0
0.006680023981353811,0.009889982827391508,0
0.0070857579340428125,0.01189307025839259,0
0.00978980994367784,0.009171756801769515,0
0.0075458946126159545,0.014640520033278868,0
0.009087305179105942,0.014963146745806675,0
0.0078415616010733,0.009830601112322037,0
0.010473707399115462,0.012851332230870538,0
0.008654448708007467,0.012687614333321884,0
0.009896565437645943,0.007244360148430441,0
0.0077155680417257955,0.008168958542990712,0
0.006700208181098566,0.0066722884144798655,0
0.004348591221700782,0.009397574591481606,0
0.007066835246789137,0.007070605904673344,0
0.0074787190728360375,0.008790375645806647,0
0.0067378958665590405,0.012837532254828421,0
0.005413623136390322,0.006027871351606096,0
0.005778200244290266,0.012474341976367652,0
0.0,0.005592544834764568,0
0.002616692270111021,0.010682854177950118,0
0.0117779536186009,0.013692921678658987,0
0.01468983980998956,0.022702424216696996,0
0.014507708945101394,0.01963966589839861,0
0.012590525347410621,0.0176733784035018,0
0.014035745586991166,0.016133844713053902,0
0.011136632209503006,0.018746012904652387,0
0.009009091405095426,0.015976190441340462,0
0.012983013419022582,0.01234596038110225,0
0.012837939483352656,0.01640378060798286,0
0.016248123105957468,0.016963725090260118,0
0.011386884748531669,0.017853405363633557,0
0.015993455273234147,0.02712552562749726,0
0.012842670155168656,0.02036981008514982,0
0.010870610764422473,0.010980599115507415,0
0.015097150653291647,0.018528558736768508,0
0.015427666924120731,0.015183110000234534,0
0.012338538228716169,0.01816766845432149,0
0.014092355959716862,0.015528318491735303,0
0.01484910576110321,0.015208409956301903,0
0.013905021355829385,0.01827765008153437,0
0.012820278308574741,0.019301148304372132,0
0.01351206021703677,0.014428711310146338,0
0.014636067840358202,0.018452240687473087,0
0.017681516665998986,0.02746404322152673,0
0.016453907329922413,0.021277890326569127,0
0.010225820195993662,0.01819338659148495,0
0.019244688322840545,0.02447906658634613,0
0.019027550486515832,0.02783120622036161,0
0.013389220438897951,0.02106775432780661,0
0.01394018601632063,0.01961415685178336,0
0.009519530893965455,0.0148623651026204,0
0.012186683663443998,0.013615558176626295,0
0.008563304431030927,0.015064137479544047,0
0.01396005483795254,0.013516240167255169,0
0.008104271575885225,0.015335955189387353,0
0.013975508365878686,0.02393961297757774,0
0.010134675919019287,0.016080108442720786,0
0.011606545609822716,0.014440629471268118,0
0.009704815540067524,0.01393316671604683,0
0.015845700623532633,0.018624113116308072,0
0.01161758384406292,0.015389900550259685,0
0.009492723753680987,0.01233801494035247,0
0.010795550771619757,0.01873597655844228,0
0.0092533517598265,0.017333815356741056,0
0.005334620917079036,0.007762904702593999,0
0.013374555356270969,0.020073319690867564,0
0.0082737873159347,0.0117897795286519,0
0.014163473726009956,0.016118372012644988,0
0.014366577235946419,0.017320015380703938,0
0.01161080321445962,0.01687339797437626,0
0.010361275098974776,0.012795505055078094,0
0.010056146766881048,0.013133604468014927,0
0.011946838602408028,0.01792303251546079,0
0.0181126385574345,0.02148677178205993,0
0.011888966717200078,0.013033659187007274,0
0.013804888802407213,0.01721526101714055,0
0.00946276283218178,0.015007055760473675,0
0.01294359115389454,0.020883545556751315,0
0.012576806399149487,0.016729543678699166,0
0.013765466537275506,0.01801356872189663,0
0.012822959022605551,0.016247171789008363,0
0.008694974796554733,0.016962679637528844,0
0.006544726767432396,0.012090869914946012,0
0.013797635105622041,0.01272545972215844,0
0.013423281275967758,0.015321527941708938,0
0.014714439303432638,0.021125881499605925,0
0.013116733742333077,0.01887585813373593,0
0.009704027094764534,0.01493993769519719,0
0.012383479610961978,0.016577116670646097,0
0.009302708435765195,0.017692823824280723,0
0.010083269285292962,0.012753059674229794,0
0.013296972338501243,0.01857330411362945,0
0.012494650398621687,0.013403958544034644,0
0.012594625262985937,0.014959592206530425,0
0.011947627047709852,0.01626452630432018,0
0.014668709475882391,0.014700529019987531,0
0.013029689380932795,0.013026968289534313,0
0.016184574414571162,0.020149219559082776,0
0.01502634826511712,0.02072296401739881,0
0.015663569758643914,0.023844476779136814,0
0.01622336592345464,0.023653786201151883,0
0.01702773782111988,0.019406739030114476,0
0.014590811079990385,0.018575604109631216,0
0.00942491745766355,0.02388754943161409,0
0.012291231510560885,0.018520195114934856,0
0.008390792598833574,0.01610248113114765,0
0.011887705204714329,0.016870261616185545,0
0.01709507104996194,0.017736523748402844,0
0.008486194480438747,0.018547795067009543,0
0.015393763776111846,0.014533256583165509,0
0.01329602620413517,0.02049170987348692,0
0.008763411848818016,0.015167637299831284,0
0.014480586426690091,0.01423028438196261,0
0.012898965149771902,0.017789632747090226,0
0.013655714951159692,0.016003581302872272,0
0.01848210402621392,0.014724365342242085,0
0.014632283302904503,0.02478726605119852,0
0.016357243935830712,0.014387102291490097,0
0.0131466946638375,0.021158081443696908,0
0.012804036335343159,0.017209615572397197,0
0.014208572797311638,0.022241588653245548,0
0.014441479539687885,0.016654271082131022,0
0.010672237926297791,0.02115139054622106,0
0.015059620656887485,0.015499882177476219,0
0.00940709859382255,0.012699323403903671,0
0.017510581724407004,0.021478408160218062,0
0.007989316250772205,0.013392040382907644,0
0.005255776386819622,0.010305445742359587,0
0.011042649529440396,0.02021069217961569,0
0.012004710487615144,0.018923321687689176,0
0.007968501294784436,0.011331871232843628,0
0.009426021281084995,0.013473167514771569,0
0.007007071092849704,0.012193115191954651,0
0.009941979887074737,0.013485085675897124,0
0.015060409102189419,0.019616665938333888,0
0.00976962574393675,0.012303305909714068,0
0.01168933236659053,0.015339718819215031,0
0.011714562616271572,0.013999657509687236,0
0.01615555962743831,0.019653884055529702,0
0.01166567900752119,0.011850624877551508,0
0.014118847721879269,0.015229109920364525,0
0.010447373326010534,0.011503534571137841,0
0.012295804493318352,0.016761534532243494,0
0.01541883633672936,0.0201782831449826,0
0.015189241064626546,0.025056992855583937,0
0.013870645140637794,0.01332638595145652,0
0.016460372581405758,0.023302723174363105,0
0.008056964857730275,0.01247831469674221,0
0.007734017661804927,0.013228740666459404,0
0.019440380446935523,0.023177059756197882,0
0.008117832835087768,0.01150478911441355,0
0.011566807966576331,0.01822056836246655,0
0.01739830711332369,0.02192398011381469,0
0.010576993733751705,0.014523429327494841,0
0.012474308509814349,0.013050386430695228,0
0.01251152312809517,0.01882170368231784,0
0.012197248830497276,0.016206190041976654,0
0.010233704649020127,0.0128933594306162,0
0.012968190647336451,0.014518202063843244,0
0.011517135912519016,0.014597865561893018,0
0.011925077512060291,0.01563976375277132,0
0.017658967130342484,0.019184266689141416,0
0.008222222993145234,0.0111254988639099,0
0.0106769685981144,0.013793076050204191,0
0.012901172796618732,0.01575392719090829,0
0.013626857853086649,0.017662087514010216,0
0.008285456306410921,0.0118487430626385,0
0.015673977236638326,0.01239676938379275,0
0.00976221435809338,0.016703407360443626,0
0.008651925683033246,0.014070330114244856,0
0.013499445092197915,0.01701348864021479,0
0.01196607666779087,0.017534751371475976,0
0.012352887933224477,0.012205033353079207,0
0.008355312560214823,0.018826303674327027,0
0.010778678042142942,0.016846634384478417,0
0.01252539976542194,0.021017363506216413,0
0.011975695700478071,0.01692504333923972,0
0.01410244805958766,0.0156805364092516,0
0.01477262656675965,0.017212333749493602,0
0.011029719026477371,0.02514899269584137,0
0.013058704168068036,0.020500491676420433,0
0.012746322139198185,0.021031581663347062,0
0.0064392327859494345,0.010336809324267282,0
0.012520669093605495,0.016969579625549125,0
0.007948632473158801,0.010464145466805408,0
0.011096894566256621,0.016347744341643322,0
0.021300480604717176,0.02889568619021798,0
0.008229161311811395,0.01166599792540146,0
0.007871522522570895,0.010726554102072459,0
0.014798014505500891,0.01656478032842912,0
0.011432141508899651,0.014565038346157744,0
0.01296566762236534,0.01732733354981231,0
0.012402402298225312,0.015298946162735529,0
0.009449359262039714,0.009509438033615149,0
0.010677914732479477,0.014517574792208053,0
0.00513498656646616,0.013142595361492091,0
0.009950968163524698,0.015617809245442428,0
0.01073673275204856,0.01655578943494118,0
0.009840901199290096,0.009722292209471406,0
0.009891519387712376,0.01575852718291904,0
0.011796560927741008,0.017456551507258444,0
0.01646699552194691,0.016775543598823158,0
0.009605471431945291,0.013865212288586393,0
0.01348225698459643,0.019661620405732938,0
0.011053845452732913,0.013664694454933346,0
0.014710654765980324,0.012727968808703194,0
0.00980242506852408,0.019646356795872236,0
0.012623324671999224,0.01940611175848228,0
0.007101526840097404,0.01209128809603588,0
0.006993825211764837,0.015122473741884468,0
0.013741024732898344,0.019411339022128105,0
0.010092257561744368,0.01092079921933975,0
0.014048203022773542,0.0129985319752719,0
0.012511523128096336,0.014957292210520444,0
0.006165169198785403,0.0141301300104113,0
0.011201127035253944,0.013108722693036978,0
0.007447812016977584,0.009496892600851849,0
0.010140037347076471,0.013571230980868432,0
0.014470652015879769,0.02083440927843405,0
0.012819174485150908,0.01083716300092441,0
0.015506353765313454,0.02005241063626695,0
0.01672607864836745,0.020088583300736262,0
0.015108661954707725,0.01923026660926297,0
0.014464502142520432,0.01593876323360266,0
0.01394712433498302,0.01981216559887511,0
0.012013225696882237,0.017355560773526957,0
0.012345949614563643,0.017315206298140318,0
0.009949706651039504,0.01546350042246858,0
0.008261014502031372,0.01920852119248073,0
0.008801730290525556,0.01418616627674596,0
0.015893165030747003,0.017054470387239173,0
0.007176902211018855,0.013464176621295398,0
0.01424594510465266,0.01844826796709909,0
0.014062552727280131,0.019745465714691268,0
0.01084979580843265,0.011045417184772477,0
0.0076364081333508685,0.008640666814839548,0
0.011032399740507626,0.016476962299093345,0
0.010815419593243449,0.013907866759979015,0
0.01373976322041326,0.013302758719754835,0
0.015852954320318857,0.020142319571063272,0
0.013083619039630344,0.018430286180141864,0
0.010217778053908387,0.01572214542791306,0
0.01697081207027623,0.021770298562486582,0
0.00965640499849002,0.008548039702951038,0
0.009242628903711749,0.01612506291011584,0
0.010427504504387508,0.013930239448401329,0
0.009657824200036693,0.011320998524447344,0
0.010091311427376905,0.0139413212473406,0
0.010205635996248573,0.015816027083076944,0
0.010682487715230836,0.012318778610120429,0
0.010970112561604128,0.011214780527061041,0
0.010455415468095863,0.019243439313667118,0
0.011678767199538864,0.015320900670070747,0
0.013985442776691004,0.01752429684417356,0
0.01369639872877132,0.01977599293441201,0
0.014738881107806913,0.017622360310265206,0
0.008731874036716991,0.01531149159550427,0
0.01548821952336027,0.01455897472032186,0
0.010678545488718992,0.01487010145282608,0
0.01065851897803316,0.014445438553833512,0
0.015357652981252743,0.015703954550406074,0
0.018758848327407984,0.0156941272947404,0
0.01685774901389253,0.025367074135350557,0
0.00919421836213402,0.010892990176719521,0
0.01830659610186081,0.027872606148471646,0
0.009558480091917454,0.01353317650148289,0
0.01242369032138918,0.017369988021206484,0
0.009952387365066484,0.015241237172032076,0
0.015872665452881574,0.01274093242255958,0
0.011057314612063164,0.015477300398508588,0
0.01516795304145846,0.012564669092260505,0
0.011753196436101844,0.009726683110942824,0
0.018884211130512363,0.01933355733900255,0
0.009147857778345314,0.010084855216297428,0
0.009227963821081986,0.00809661321406252,0
0.017555365417591395,0.022130979754391492,0
0.00965277815009974,0.011312007630967624,0
0.017884147108751858,0.022426633786477912,0
0.016740428352869485,0.01977724747768661,0
0.016540951691324968,0.022120525227087958,0
0.011485125033231793,0.01631554439755578,0
0.015965701998581383,0.02495056576765331,0
0.011235345561388,0.018031968689942723,0
0.009655774242247063,0.011356753007816243,0
0.012980805772176307,0.016031599436044486,0
0.01255946060249008,0.013499512923574876,0
0.013787543005747638,0.014794410675157852,0
0.01267346979324152,0.02050864620771486,0
0.015562491070856109,0.020073110600324014,0
0.01209553938647123,0.01732377901053039,0
0.017707850739102526,0.024932165799603775,0
0.017343589009323982,0.018283295526281274,0
0.013871906653119824,0.01741096976822587,0
0.011742158201863084,0.0177160328748861,0
0.014847528870501838,0.02043232815841145,0
0.01795211109383793,0.020737600355621888,0
0.015758656262133075,0.02181901665970409,0
0.012413913599641946,0.015348709712693753,0
0.010028866559417926,0.015430882297286732,0
0.01288272317653727,0.020600436957422863,0
0.017968037688944394,0.017299106326095548,0
0.0114625754975764,0.015091528341076075,0
0.016583527737664583,0.021948443707703102,0
0.009755118350368241,0.012303724090802493,0
0.011216895941303371,0.016076762993982974,0
0.009822766957328644,0.014745483487386355,0
0.01520280232382898,0.020046347010434173,0
0.01700786899949946,0.01886477633479744,0
0.014183657925749328,0.017447978794873586,0
0.012527449723209072,0.019233402967454568,0
0.00972815352102302,0.015269673486294376,0
0.01098525071141332,0.01239656029324532,0
0.013597369998773978,0.019614993213966647,0
0.011016473145391505,0.010853262972974731,0
0.01687793321363601,0.02129294484588617,0
0.015817474281700994,0.017445887889416034,0
0.010316491405790551,0.017334860809467334,0
0.01571071878773833,0.020142946842703457,0
0.013177601719690235,0.016777425413744385,0
0.011474717555239487,0.018569958664891303,0
0.01916473996916268,0.02566230998635255,0
0.013901236818375571,0.011908124777709195,0
0.013153002226253208,0.013523976517459957,0
0.014495566887441804,0.018712558417287032,0
0.013400889429377227,0.01855762232267,0
0.010023189753237238,0.006258916404974557,0
0.016273826422821436,0.020759763953497882,0
0.014567315409974413,0.01688008887184289,0
0.014691574389657291,0.01881856732411835,0
0.01635661317958681,0.022222979594646808,0
0.013907071313613906,0.018632476738155827,0
0.013274738180967973,0.013751467031542508,0
0.014758907618494575,0.016823843514959025,0
0.015871877007578968,0.016023653995291376,0
0.010914448323243729,0.0128019868620044,0
0.01218416063847494,0.01819087750492987,0
0.013696871795957577,0.017973632427601083,0
0.011637137287565493,0.020357055561840642,0
0.010481591852140648,0.01809490494430155,0
0.012602982783195328,0.019731247557560727,0
0.009365153303724227,0.021143026924379527,0
0.008317624874754516,0.014477220316826078,0
0.015075862630120562,0.023279095942659974,0
0.014060029702313293,0.01725415185869772,0
0.018933883184578004,0.02271266965345453,0
0.01896447486231273,0.021918334669074,0
0.0083906349097716,0.010625563368341416,0
0.012200244922649428,0.011943461079988449,0
0.0029278127864986736,0.003900375045710947,0
0.009569518326148385,0.016871934340545125,0
0.007800089378159403,0.010791581261891392,0
0.01010613419906925,0.011263080443197682,0
0.005754231507093033,0.007950249831840783,0
0.009730991924112477,0.018387422618200918,0
0.009563683830909164,0.009345301954974516,0
0.010619254401968758,0.012108433520807592,0
0.009196110630856956,0.012796968688897459,0
0.007684345607741837,0.013142177180401228,0
0.006229821713596317,0.006390434358424013,0
0.007083077220015166,0.014615638258300478,0
0.006165642265968108,0.006534915925735074,0
0.009872123633272278,0.01375188521263293,0
0.008834056547924685,0.014449411274203404,0
0.011196396363439831,0.01336381315919688,0
0.008744804539678575,0.018212622921713773,0
0.013861183797007405,0.024986947522665396,0
0.011149562712461092,0.017922823424918022,0
0.011175581407445678,0.017261051846718226,0
0.012048390357375928,0.01829814095504556,0
0.013718002130064409,0.021118563330494774,0
0.012345003480196182,0.01686106163215928,0
0.01039423211261964,0.014198502618961715,0
0.01517772976321058,0.017053006753417588,0
0.010887010426716135,0.018881503578482173,0
0.009306808351338902,0.01819505931585164,0
0.010992346719136348,0.014013248395176479,0
0.013097495676954174,0.019423257183254217,0
0.011854432812947737,0.0144339385737976,0
0.00973871868807824,0.018667603949886532,0
0.01013767201116933,0.008831148302273606,0
0.014237587584444876,0.016549516718571633,0
0.016105099128070618,0.023021078208855128,0
0.018101600323198186,0.018623485844677438,0
0.009956329591580826,0.01579386348520173,0
0.0044506160438504425,0.00698111515097255,0
0.011385465546988828,0.016370117030070852,0
0.007668103634510427,0.012413914808568792,0
0.012436778513415236,0.021835325722294296,0
0.012162557237190286,0.01538279147169508,0
0.011183623549538058,0.017958368817741044,0
0.012934445188384549,0.022104425255041305,0
0.01259825211137755,0.016928806969071064,0
0.009619821136450156,0.012750550587672936,0
0.011516978223454988,0.01893189440007548,0
0.01618741281765984,0.01723951552048042,0
0.014675647794547888,0.02090466370189814,0
0.015546249097624863,0.022073688944776796,0
0.02191499487352844,0.028183523790425543,0
0.011016788523518341,0.01688217977730544,0
0.01546976990327864,0.01971849303425377,0
0.01823942056208461,0.018848676362753114,0
0.012122661904878651,0.01398627571473854,0
0.019252257397746556,0.02539718317398154,0
0.0068966887504952066,0.013154304432070774,0
0.011889439784383504,0.016741252749280292,0
0.012642405048319538,0.015088601073422359,0
0.013736609439203906,0.017697841997383997,0
0.01019917074476745,0.01815909574193264,0
0.011264360348518632,0.016267453571962017,0
0.0067475148992480185,0.009735464913873892,0
0.010698098932223177,0.011436416505860024,0
0.011565704143156495,0.019773902028951462,0
0.009704342472884486,0.01859714043587546,0
0.010318225985454788,0.01908473958922197,0
0.012430786329112986,0.018094486763207462,0
0.01076290913609623,0.014662683631153306,0
0.008360989366398121,0.014815737910852332,0
0.015800128485044418,0.019061530538611367,0
0.008304536682734953,0.01135298937799134,0
0.008114205986696932,0.01697794324738855,0
0.01625064613092625,0.01453639294135556,0
0.0046885688361640865,0.0108363266387419,0
0.009969890850784093,0.016324117109942637,0
0.015475446709455052,0.017835005395583692,0
0.008029369272138044,0.014528238410057459,0
0.011945734778982977,0.015408927789954063,0
0.01210452766291642,0.013341231380225804,0
0.010110234114640793,0.013616603629351687,0
0.0066691434361774715,0.008342921877287135,0
0.012962986908335585,0.0181718502652416,0
0.014281109765146738,0.0126846870656816,0
0.009000733884887091,0.014392538645682797,0
0.01870823013898309,0.02313858709572847,0
0.011808545296342732,0.01239635120269722,0
0.010531894662447805,0.013514358352339271,0
0.014756699971647302,0.014634456407442431,0
0.011096421499074085,0.011831806728406112,0
0.008902178222064072,0.015576409317329397,0
0.013434477199265438,0.01878197647856905,0
0.008035203767383536,0.013690412592098687,0
0.006159177014485318,0.013262195153827984,0
0.01158841136786398,0.016251980871560878,0
0.01310821853307087,0.017064715823992382,0
0.01035969820837207,0.016106662942064642,0
0.01315047920128537,0.019048357834218987,0
0.010538517602986077,0.01431141151382287,0
0.017369292326184504,0.018318213647459003,0
0.014236641450083075,0.01803824140632948,0
0.014622506581150998,0.01126830770685172,0
0.007049804828248685,0.014771619805641012,0
0.010613419906728594,0.01847189519879944,0
0.008697813199643578,0.013236477016664527,0
0.010618465956667322,0.0130666954932821,0
0.015955609898710033,0.015975563169702722,0
0.0057742580177779215,0.009862801056406023,0
0.011991937673714093,0.020407655473980716,0
0.015995032163834855,0.020000347090305515,0
0.012235251894080534,0.01901343971303027,0
0.0075722286857227705,0.01228344230783951,0
0.013481626228355859,0.018289777333202476,0
0.009995751856708424,0.015026292090707494,0
0.010008366981550498,0.01305435915107045,0
0.011651171613948684,0.012947095700953093,0
0.008016123391057228,0.017242651878669024,0
0.01586320410925085,0.016791225389781842,0
0.015530164813452875,0.01943329352946144,0
0.010415520135788505,0.013767357913045064,0
0.007316141651449949,0.008161013102238601,0
0.012255593782889762,0.01950668431112257,0
0.010442484965135446,0.010300218478712764,0
0.008713109038511245,0.011420316533815034,0
0.01532737668163364,0.017001570479088682,0
0.015890484316718027,0.013285195113884152,0
0.009435167246594713,0.017645360270328814,0
0.010605220075581012,0.01656143487968864,0
0.007556302090610756,0.014209375327355224,0
0.008573396530902389,0.01580912709505633,0
0.014368627193730388,0.0170749612607477,0
0.01181154138848983,0.010515790831675531,0
0.0074791921400197406,0.012871614013829302,0
0.014629917966996198,0.014688610858865081,0
0.006900000220763093,0.011314725808065472,0
0.010869822319119482,0.014439374927995297,0
0.011971753473965173,0.015608191080323188,0
0.012441982252412276,0.0130150501284112,0
0.010539936804530359,0.011907915687164315,0
0.011560815782278131,0.018076295885703253,0
0.010505560589341656,0.013036795545199542,0
0.009635747731565504,0.011310334906601494,0
0.0147339927469321,0.02084820925447095,0
0.01052211794069391,0.014331693296790847,0
0.013866702914127059,0.016472362307078603,0
0.015584409850271487,0.018794731001876674,0
0.006351242290189739,0.01089194472398447,0
0.009504077366034423,0.018119159447640757,0
0.012410286751251498,0.017394869796175216,0
0.013454661399012968,0.014468856694983325,0
0.009188541555957386,0.016560598517503022,0
0.014456144622312928,0.018441786160173224,0
0.007565605745179781,0.010670308745192814,0
0.012635151351537477,0.017001152297995148,0
0.016566655008189934,0.01986109278664705,0
0.006860420266570522,0.01120516236194391,0
0.010331314177476292,0.013656121742553595,0
0.011588095989747638,0.01584509066897699,0
0.011466990791270282,0.010467281824993123,0
0.015211475222159931,0.016704661903718332,0
0.0121787992104192,0.0160886811551072,0
0.010997865836254284,0.01863498582470391,0
0.00955233021855234,0.01283042317626748,0
0.017213495534406043,0.02478454787410389,0
0.012869319606389871,0.01553375484592989,0
0.012984905687750459,0.015807872551783952,0
0.010968535670999093,0.016077181175072286,0
0.007714621907358944,0.012648932582306592,0
0.011901739531102408,0.014920074093326963,0
0.00887647490520477,0.012404296643445112,0
0.010121114659812304,0.006936369774120932,0
0.012996732367287156,0.011499980031856816,0
0.011386096303232174,0.009858410154942376,0
0.008700336224617189,0.01625448995811518,0
0.01423979523129271,0.018153868478286702,0
0.016256638315222,0.021472135443838858,0
0.014385815301325156,0.016018217641096674,0
0.009481370141322,0.012587041780681927,0
0.012752629701616336,0.02002543795583112,0
0.011906312513855544,0.017960459723199262,0
0.013350113551892471,0.010407063747735812,0
0.01286048901900716,0.015407673246672028,0
0.015658523708707794,0.019187193956778148,0
0.015172841402334212,0.014033739268692223,0
0.018398844202259013,0.018764412872701253,0
0.011609384012915171,0.015864536089759133,0
0.018776824880307352,0.01723428825682538,0
0.015599390311016146,0.026388899633822186,0
0.016654487814891594,0.026118754648341347,0
0.010441854208896095,0.016857298002331933,0
0.016531805725816973,0.02184431661577779,0
0.010058039035611257,0.010383018334937488,0
0.014400165005834296,0.015620318331991625,0
0.0203552923760163,0.02360402265119743,0
0.011090271625713577,0.01554713664088281,0
0.016087911020477685,0.020245819391352504,0
0.013720840533157865,0.015928517796845454,0
0.010302457079404193,0.016786207216675675,0
0.011873670878330857,0.01573929085268888,0
0.01422008409872949,0.023063941770789298,0
0.008918893262480687,0.014737328956091034,0
0.01439843042616462,0.016041217601156954,0
0.011948730871132074,0.014670629071913409,0
0.007290911401770239,0.0085758487455726,0
0.007896437394132759,0.010512654473480043,0
0.010719702333512826,0.010429018255066924,0
0.010055516010642309,0.01691249790647931,0
0.010725221450629374,0.0148981195859883,0
0.01131592467130349,0.012492741944421735,0
0.005326421085928845,0.010180409595835329,0
0.00924136739122722,0.007399087152496042,0
0.010708664099275787,0.01772774194546467,0
0.012532968840325287,0.01825841375130255,0
0.005998807239944948,0.008393103608333341,0
0.009386283637834279,0.009792128451849623,0
0.00881844533093501,0.013198004356193449,0
0.014394645888714919,0.0188470036383791,0
0.011368435128453092,0.01973459300629721,0
0.013930093916449282,0.01797321424650566,0
0.011597399644313444,0.01965388405552848,0
0.00936783401775748,0.015632863764752924,0
0.008246349419406662,0.008988384392889405,0
0.011177315987116965,0.020129355957210212,0
0.009011772119122964,0.011438507411317468,0
0.011954880744494523,0.0108273357452634,0
0.01449351692965789,0.01913805767846455,0
0.010371524887906491,0.013885284981003942,0
0.013199362810043469,0.021458544558342285,0
0.009813305613698364,0.016516898593376572,0
0.010235123850563022,0.012192278829771142,0
0.01148165587390232,0.020593955150494336,0
0.015498311623228957,0.015220537207975447,0
0.00948137014132472,0.014970464914918604,0
0.011554035152675224,0.01678244358684755,0
0.013600839158104115,0.022565678999592283,0
0.009797221329524652,0.008366549108986376,0
0.009212667982215041,0.01203002456604585,0
0.013010293626491698,0.015520373050986525,0
0.010416939337333007,0.012794250511802163,0
0.006284855195712147,0.009945391822087202,0
0.009537822824989828,0.01606651755722943,0
0.011715824128760322,0.013764221554854905,0
0.014452833152042044,0.013555549189909531,0
0.01016400608427287,0.013437413031398228,0
0.011421418652786895,0.017154624758788598,0
0.014878908993544491,0.016487625916940973,0
0.020722392508886852,0.021792253069816248,0
0.00970686549785338,0.016270171749066087,0
0.015164326193066957,0.016065681195045808,0
0.018619924265097062,0.020503000762973626,0
0.006684439275045806,0.010193582300232816,0
0.009517796314301441,0.012508423735379415,0
0.009483893166292444,0.015285564367790938,0
0.012125657997027915,0.018110377644706688,0
0.016945581820593802,0.015794908937931233,0
0.010821727155663765,0.019727065746639738,0
0.01188581293598978,0.014753010747042385,0
0.012555518375978791,0.017939968849690846,0
0.01103098053895818,0.0188371763827172,0
0.01515249951353109,0.018109541282519404,0
0.012952264052222108,0.012763932382627295,0
0.010931005674598426,0.011639025244966072,0
0.009630701681626773,0.011015099055600386,0
0.010550501971586634,0.01047940907666034,0
0.013302018388435257,0.017815978155888312,0
0.014152435491767978,0.015323409756623054,0
0.014802587488251697,0.017481851463330478,0
0.013733297968930913,0.01893733075427384,0
0.009861873844337954,0.01491338319585156,0
0.008107583046155498,0.013462503896924716,0
0.013604150628374998,0.017109461200846776,0
0.010297568718525607,0.015997935858124483,0
0.013339706073901336,0.018499286060326917,0
0.013864022200097914,0.013507040183230012,0
0.009812517168394264,0.014366820508518563,0
0.01228318936847822,0.013863330473667279,0
0.011373796556512659,0.013731394339125845,0
0.007807185385885206,0.011938233816336186,0
0.013131241135905304,0.013874621363160087,0
0.012541799427716271,0.015373800578214691,0
0.01146178705227624,0.012754941489144578,0
0.011615376197213369,0.012499641932443241,0
0.006990040674313913,0.016732680036889325,0
0.014550915747682025,0.0168144344403921,0
0.008371396844389423,0.006910442546414264,0
0.015615474595186753,0.018322186367841664,0
0.007771705347265234,0.009332547431669223,0
0.011958665281945335,0.015146310064131809,0
0.009038736948469406,0.01636844430569961,0
0.014861405507822945,0.016246126336270542,0
0.015248532151383,0.016919816075589122,0
0.014382661520115081,0.019723511207355385,0
0.01728555943505683,0.022517797264549392,0
0.02068502020154428,0.03031039282468295,0
0.01228035096538932,0.02206867077167285,0
0.013205512683403642,0.01867617666227339,0
0.017271998175850234,0.014582601952027319,0
0.011060941460455886,0.01703565223809533,0
0.010718125442907568,0.016263689942141224,0
0.01705202193644001,0.020009756164876213,0
0.011053214696492009,0.016762579984976208,0
0.01649396035129308,0.022586797144738324,0
0.01614168299011115,0.0239425402452258,0
0.013909909716703472,0.015183528181331509,0
0.012316304071183226,0.016766761795894647,0
0.01427354069024328,0.011995524625950993,0
0.014034011007324376,0.01921207573175909,0
0.016027358421240034,0.01953658425920657,0
0.016192458867596404,0.021140308747281792,0
0.009845474182041793,0.016085335706371495,0
0.01860447073716837,0.02753973399918952,0
0.01743221026133035,0.01913303950536238,0
0.012097116277073938,0.018613867679556532,0
0.010349763797556422,0.020477282625812387,0
0.01638468183236047,0.022705560574886263,0
0.01409598280810731,0.018450777053651723,0
0.018287988792722254,0.02353585913318934,0
0.015519284268273648,0.016468389586703047,0
0.013699394820925135,0.01566903642922035,0
0.012956363967797813,0.02001184707034298,0
0.013209612598980623,0.021568735276103142,0
0.014973837807968128,0.025263574315060437,0
0.017831005895363627,0.02217447058796329,0
0.012426686413543329,0.02300748732336133,0
0.016370805195031982,0.01918092124040072,0
0.013702706291192857,0.019835792830580123,0
0.015458573979981185,0.01826970464078592,0
0.014156220029223232,0.019340666417568708,0
0.01728429792256958,0.0172602154845376,0
0.008498021159980941,0.014227357114315997,0
0.014588603433143056,0.018631431285427547,0
0.014441164161564768,0.015485245839255481,0
0.013798581239984231,0.015566791152206716,0
0.016211223865799318,0.023006860051724483,0
0.011755088704827166,0.0238327677085568,0
0.02080502157659242,0.0245006029125866,0
0.011443179743137856,0.018398086236047214,0
0.015870930873217726,0.02009652874148027,0
0.013093711139501418,0.02124297220538429,0
0.013875060434332398,0.021186308667409337,0
0.015813532055187873,0.020068928789406915,0
0.013484306942387059,0.021200735915088087,0
0.011837402394414498,0.012985568361421285,0
0.014916123611820375,0.01897601250528924,0
0.012256697606313259,0.012678623439849046,0
0.02077979132691116,0.02383736770057032,0
0.014859513239099176,0.013802694215320988,0
0.015572583170729404,0.023468531977364537,0
0.011224938083387426,0.017609187605865273,0
0.012344215034894412,0.017262097299448276,0
0.011498055536194762,0.014896028680535078,0
0.010534890754598458,0.01618674462119973,0
0.017308266659769422,0.024467148425223684,0
0.007716198797969921,0.01252076007758951,0
0.015090843090867778,0.01968754763344216,0
0.014805268202284838,0.021777198550500643,0
0.010958601260184664,0.017160897475169582,0
0.015448324191045916,0.01910209410454233,0
0.020705046712228448,0.02434796681398577,0
0.012266316639006404,0.017935787038767748,0
0.012770448565457393,0.019096448659801868,0
0.01410717873140366,0.02616161821027485,0
0.01378438922453562,0.017429578826818837,0
0.011102886750553098,0.01672431641504768,0
0.017334916110997522,0.02001414706634197,0
0.011803183868278666,0.018806230981905148,0
0.018835327521757598,0.01997044714222085,0
0.0094083601063068,0.01864669489528337,0
0.012970555983244479,0.014168184489787516,0
0.014161108390100484,0.01997839258297085,0
0.01791331958495279,0.02309091445123168,0
0.010448004082248273,0.014036248355244307,0
0.011270983289059457,0.014026212009027428,0
0.011090429314773387,0.017133715704183542,0
0.017074413783030706,0.02111040879920023,0
0.012042555862137316,0.0177850327550797,0
0.014322108920880703,0.017722305591264864,0
0.01642867708024803,0.02199005272636212,0
0.015646066272927032,0.018590031357306303,0
0.012873104143846292,0.018222450177380226,0
0.012586110053717348,0.01788037804406983,0
0.014837594459691184,0.021875680197680825,0
0.017043979794352626,0.02294685106501704,0
0.016930128292667546,0.01808570496027329,0
0.013021647238847469,0.018254022849835568,0
0.013813719389792478,0.021521898993790308,0
0.013112160759580604,0.01747599692803703,0
0.011196554052498921,0.017684042021340884,0
0.018571198345402332,0.025782537050322185,0
0.01321450095985155,0.01706032492252496,0
0.015089739267444391,0.01842443164484953,0
0.009933937744986463,0.019161894000712,0
0.010041166306138605,0.015076473821757587,0
0.01371768675194135,0.01978791109553235,0
0.010465665257033352,0.014181357194189115,0
0.01671488272506994,0.024236312462400437,0
0.014494936131198843,0.01908369413649369,0
0.013734874859537616,0.02271141511018171,0
0.013355948047129251,0.01658192575320383,0
0.015808012938069216,0.01971201122732491,0
0.012723614914481374,0.01800457782841458,0
0.010550975038766841,0.016473407759807657,0
0.011026249867147177,0.019754665698717425,0
0.010429712151235336,0.011395643849382188,0
0.01494624222237956,0.021352117470413656,0
0.015108661954702618,0.015498627634206397,0
0.013793377500987414,0.028722977399196936,0
0.014779407196360894,0.022226743224474373,0
0.017583434070361448,0.01906048508588609,0
0.01127429475932884,0.01868537664629744,0
0.00964993974700945,0.012418723891125529,0
0.01490476999946555,0.019116730442766402,0
0.016525182785276205,0.02037901006917131,0
0.015447535745746975,0.017810123620603524,0
0.017803252620711474,0.025303928790450958,0
0.018205990481254875,0.02629543615974628,0
0.012723772603545845,0.016852488919766758,0
0.013485095387689884,0.02295960558832022,0
0.010943778488498646,0.026275781648413262,0
0.010380197786232837,0.017176370175577268,0
0.01931911755940152,0.019696120345828017,0
0.015151238001042344,0.02346267744207564,0
0.01327458049190594,0.02069348225040446,0
0.018337345468665056,0.02352059552333019,0
0.013541863449473779,0.01993322902502648,0
0.018834223698334984,0.02307272357372425,0
0.013645465162229977,0.02528176519256986,0
0.013928043958664316,0.018829649123065284,0
0.01640880825861596,0.022999332792070448,0
0.013194316760105074,0.015530827578288163,0
0.01485131340795448,0.02438183948244244,0
0.01171408954909442,0.020168246798774048,0
0.014164577549427959,0.016642980192644874,0
0.01030687237309591,0.017408251591125357,0
0.014379980806085156,0.027073462081535826,0
0.01040747799370173,0.01850242241852229,0
0.011754773326707936,0.02006725606503701,0
0.014175300405542934,0.023886294888342263,0
0.02061768697270749,0.02609157287736119,0
0.017655340281954646,0.021043499824465184,0
0.015066558975546375,0.019919219958448253,0
0.01922560794651834,0.024130303555564336,0
0.014313593711612229,0.02490832947735555,0
0.01473888110780852,0.02366988617319821,0
0.017305112878560514,0.022904196593621973,0
0.011199234766526569,0.014274820668266687,0
0.015117807920215554,0.025231583461523988,0
0.010319172119820695,0.020085865123635967,0
0.0200250914833095,0.023068332672260942,0
0.018113584691801854,0.02407154911212861,0
0.015955925276832206,0.02493655670107231,0
0.014456775378556774,0.025270683393630256,0
0.017536127352208553,0.02604431841395638,0
0.018440631803299082,0.028736150103591207,0
0.009807471118458977,0.018599858612974415,0
0.019120113965035768,0.023162632508517692,0
0.014590811079991273,0.02658021748343642,0
0.0163167178472779,0.017264188204906942,0
0.01210752375506846,0.020825627475505426,0
0.02231962500279921,0.023492577390161862,0
0.011771172988998324,0.018798285541156142,0
0.012669212188605285,0.024309494153512246,0
0.020727123180699414,0.025917400452512118,0
0.013311006664887493,0.022654960662753743,0
0.014604530028255569,0.025880809606957825,0
0.005530155352109045,0.01138184387333918,0
0.008132497917712311,0.01775806007464087,0
0.00628769359880188,0.013116249952688341,0
0.010784985604560204,0.019252639297692282,0
0.009369095530239456,0.015109719218579174,0
0.015799655417868264,0.025517619328493613,0
0.022794742142119014,0.030806355599872663,0
0.01682699964709217,0.029811711872391625,0
0.015714187947065916,0.028001405924831583,0
0.016214535336071426,0.02778541539077306,0
0.014800695219529425,0.025073511008721128,0
0.0073467333291913905,0.021266808527633296,0
0.021116772849222643,0.03385155031230702,0
0.012596044464532665,0.02401697647961687,0
0.011803026179220466,0.022408024727886392,0
0.016550728413075918,0.028792813641571487,0
0.011692013080626118,0.02286927847243425,0
0.012366291503366876,0.025083129173839702,0
0.018982293726151626,0.029686257544774493,0
0.011179681323025437,0.01836797719742156,0
0.008353735669612006,0.01988597456162866,0
0.01371516372697279,0.020940000004181614,0
0.011762027023490051,0.02114679055420909,0
0.011373165800270256,0.01734949714769418,0
0.015110554223432769,0.029996338824540225,0
0.011093267717862842,0.01992047450172152,0
0.01405719129922228,0.024749211571825414,0
0.019398435156838974,0.033957141038059364,0
0.01843227428308764,0.02716441646905665,0
0.015666565850796173,0.02555002836313613,0
0.017419595136490162,0.025917609543063325,0
0.011253164425220952,0.0241108581347832,0
0.015232763245327463,0.022283615852993318,0
0.017569084365856247,0.029488457888221187,0
0.012561983627461304,0.02504674741883084,0
0.016598035131231703,0.03072062847599788,0
0.02051566215055528,0.033078960744715065,0
0.016843083931262992,0.03084252826433975,0
0.01566924656482288,0.026577917487434318,0
0.018012506004010886,0.03571768343566284,0
0.018192744600176614,0.030396329039099727,0
0.016508940812043627,0.029467757924168118,0
0.0151480842198356,0.032665588735205316,0
0.016096426229742108,0.02471993889537738,0
0.01900358174931771,0.03213136239008885,0
0.015174891360118237,0.02717570735854113,0
0.013806308003952106,0.02978181192431095,0
0.015954033008107327,0.02394672205614956,0
0.011430249240173771,0.0227636877466848,0
0.01293649514617107,0.02472098434811165,0
0.012452705108524365,0.025295356078061212,0
0.01549216174986845,0.02736911611362458,0
0.01656697038630861,0.02377338599348033,0
0.017693816412717056,0.028963849708227407,0
0.022564989180952788,0.035660810807137344,0
0.01922876172773041,0.03162452690650264,0
0.01914424039129564,0.0326436342278692,0
0.012672996726063646,0.026459781328926683,0
0.01415054322304382,0.024817793270919156,0
0.019422719272156,0.03170398131399732,0
0.019534205437938438,0.035119057202362525,0
0.0179863296199661,0.02905417682411049,0
0.012078666656994363,0.02389465851018357,0
0.020869989469523842,0.0323069984487564,0
0.018731252741820137,0.027923415151163145,0
0.014263133212250312,0.0243605122467494,0
0.013457026734915722,0.02280696948971206,0
0.017662436289675176,0.035915901273297024,0
0.010048420002919722,0.025870145989113743,0
0.021271465817583712,0.029395830776327788,0
0.014461821428492616,0.02497586572372124,0
0.019680698575154254,0.026576035672521314,0
0.019772315919309558,0.029081567685640294,0
0.01366959158848674,0.0272685435609864,0
0.015989828424839925,0.017871178060048454,0
0.010567059322942052,0.02194279826295842,0
0.017863332152766087,0.02919134022230385,0
0.011865471047184216,0.02102969984843017,0
0.023340346291481292,0.032956642775283096,0
0.011836613949109842,0.017805314538048345,0
0.014489890081261891,0.021719489559796638,0
0.021139637762998157,0.029038704123700125,0
0.012375279779816228,0.020026065227469414,0
0.01839774037883957,0.025479564849117956,0
0.01997415791676632,0.02705276211747165,0
0.01119797325404337,0.025202519875621162,0
0.01638720485732681,0.02475527519766152,0
0.01700534597452802,0.027602670253547013,0
0.015223932657941754,0.025716673528319082,0
0.013132187270268936,0.021695444147005083,0
0.01976868907091772,0.0284089233990501,0
0.01806990482203852,0.023993140157368087,0
0.013270953643516992,0.021719280469256863,0
0.02120381721062542,0.033414132890000836,0
0.01593274498493663,0.02679746256077287,0
0.010755497750248477,0.022058843516007176,0
0.01933788255760155,0.028655022971730167,0
0.019752604786747674,0.026908907821805217,0
0.013447565391289051,0.027438325084365608,0
0.017776130102303722,0.0220174435878967,0
0.014857305592253513,0.0250072293056296,0
0.0145580117554035,0.024202439793943764,0
0.019723905377735215,0.03207574430484228,0
0.018220182496704984,0.027773915410747696,0
0.017950061136047524,0.028804313621592526,0
0.016964346818796994,0.0267767625967118,0
0.018620397332279937,0.025718137162137555,0
0.01652470971809189,0.025992463958538714,0
0.020146669748960292,0.028542532257966106,0
0.0220818298995486,0.027604761159006674,0
0.021997781630296587,0.029516894202484163,0
0.019050415400292897,0.0259498094871522,0
0.016704002179892985,0.023355413991967836,0
0.017655182592893337,0.022606451656067228,0
0.022118729139707586,0.025727337146167373,0
0.019694417523420327,0.023268850505904548,0
0.015186402661536926,0.02178138036141564,0
0.02042057564706784,0.029174194797531805,0
0.02029458208771845,0.02257926988508452,0
0.021822904462190262,0.028664222955760432,0
0.020728700071303285,0.027709933703658814,0
0.017146950750870638,0.024492657471837157,0
0.016915305520979914,0.02579069158161784,0
0.02092202685949307,0.031175400413621986,0
0.02238932356754736,0.029999475182733937,0
0.01762396015891432,0.022074734397508174,0
0.023855201074052368,0.03342040560638526,0
0.0195901850544204,0.02457503914697801,0
0.01828972337238993,0.028264650922286364,0
0.02471744485692423,0.03109364601012532,0
0.01986377557440433,0.033745123224374514,0
0.019533101614515932,0.03156242701433465,0
0.01819999829695934,0.030251847471791438,0
0.0180639126377386,0.026020482091710373,0
0.02303474489221285,0.03074948297135427,0
0.02024380621023664,0.03094979171445145,0
0.020026668373911597,0.03115825498884839,0
0.02109406562451105,0.02263927887179851,0
0.026353784237845238,0.0316167905562994,0
0.017789691361507598,0.029334985427439286,0
0.024441646690092026,0.03264551604278665,0
0.02217486644524791,0.03202451712106613,0
0.022287456434454008,0.030042547835213092,0
0.02225229177396221,0.0300471478272244,0
0.022052499734292463,0.034087613538783416,0
0.021280138715914942,0.027382079727481967,0
0.015173314469514696,0.0242273215689216,0
0.02249623675056733,0.03557633822654427,0
0.016915463210037063,0.02990245716937168,0
0.016463053295433742,0.027984051409507216,0
0.024372578881590782,0.028373168915677094,0
0.015956240654949272,0.0275602248726986,0
0.021444766095086443,0.027510252232195283,0
0.02171220674171337,0.030119911337246563,0
0.016687602517599986,0.02656788114122177,0
0.015343618654869828,0.02671278088962437,0
0.02241155772507564,0.033044878985710624,0
0.02107372373570443,0.034183586099409864,0
0.023685843023062203,0.03242471642617295,0
0.02467486881058484,0.030275474703494117,0
0.02031113943907592,0.033092760720751624,0
0.01788398941969499,0.0260110730171349,0
0.02605827493844381,0.030100884097553293,0
0.021690603340421662,0.034150340702591264,0
0.02120996708398332,0.02633892699332108,0
0.021104630791565715,0.031601526946437475,0
0.020082647990394442,0.02901465871090936,0
0.023587445049300715,0.035039811885414614,0
0.024501726222144967,0.032872588375786105,0
0.017150419910199166,0.02683196250086528,0
0.015723806979757782,0.024323294129550917,0
0.01797923361224274,0.02780757898865449,0
0.020868885646100344,0.03180371750445321,0
0.021732233252395542,0.03005383872469692,0
0.024293418973210527,0.03234442565649631,0
0.019358382135470698,0.033439014664981566,0
0.024463407780438262,0.0293876762450338,0
0.028363215935933325,0.039432176985945366,0
0.03224693980724619,0.03296647003095099,0
0.029405698314966814,0.03804799757119903,0
0.0196709218534008,0.03220517135283807,0
0.026057013425959445,0.031615954194114004,0
0.018669596319156708,0.02805367856133933,0
0.022872325159889517,0.0321290623940792,0
0.017780703085060908,0.033596041665049925,0
0.02205423431395836,0.03165902684659705,0
0.022206877324532248,0.0280804421512304,0
0.027735928853216633,0.03915450474081317,0
0.02475418640802446,0.03796979770698938,0
0.018645627581962417,0.03175102668685281,0
0.03073517478413057,0.03872775093636138,0
0.024262984984528613,0.037920034157026834,0
0.019798649992413986,0.034058968133974236,0
0.026674208408801303,0.04261850781694987,0
0.02679168675888499,0.03971194013654145,0
0.024111130419259108,0.035837283227988626,0
0.024243273851969727,0.03749181671875235,0
0.022858448522566962,0.037978788600465,0
0.02410340365529517,0.02784103347602429,0
0.029916926249141832,0.04144341894824632,0
0.02925683984184269,0.0415830914329951,0
0.023892573381389948,0.03769526182004812,0
0.03078752755222114,0.045515666422801804,0
0.023303131673202804,0.0334536510032043,0
0.02372794600221856,0.03292193374464514,0
0.023957068207139557,0.03917102289394992,0
0.02667499685410524,0.0480080257315173,0
0.023299662513874053,0.035565465518143664,0
0.02588418621564087,0.04328697029262285,0
0.031775449516316945,0.04397027819706323,0
0.02742449295870913,0.03583937413345073,0
0.024226401122495637,0.03546823841424307,0
0.024294522796633355,0.03851050585903115,0
0.023793544651389054,0.040316629995670435,0
0.03301819700220126,0.04902399669470092,0
0.027953539756724044,0.04130939190823701,0
0.02669644256633408,0.03689820865856608,0
0.0224385225544243,0.04070093841928246,0
0.027234162262673892,0.037672261859979066,0
0.032329568874955306,0.045381221201699184,0
0.03431487414678075,0.046376074019722664,0
0.025439187686882025,0.040229230147430406,0
0.02100197521317121,0.033171796947153,0
0.033562855017208786,0.05025240365264627,0
0.03622606556017105,0.04460444982318068,0
0.020741788263328342,0.03518575708654892,0
0.027614981343805745,0.04438155930111254,0
0.03147994021692119,0.040114439437654366,0
0.023093405222724128,0.03678279067715562,0
0.034115870552418215,0.0474443176194097,0
0.0262832972277961,0.038251651763046235,0
0.02702096665285897,0.03952166773964638,0
0.03274082194476702,0.03966259476768241,0
0.024458519419568003,0.034764230545742965,0
0.02013421231318196,0.039630603914136316,0
0.03097706980294845,0.043936405528608,0
0.02858697671279486,0.041894009074947884,0
0.02518704287912571,0.03701195391560508,0
0.02596366150213869,0.04035886628596963,0
0.025338582066275817,0.04263544415118181,0
0.029968175193807345,0.042320553788857566,0
0.03277614429432185,0.048192861774210234,0
0.030826476750167312,0.051168847515912,0
0.02419486331039139,0.0349618211117444,0
0.02542089575586215,0.03843606962463808,0
0.020862105016500262,0.03879068719071377,0
0.02387491220661381,0.038498378607360606,0
0.023552280388809577,0.034960357477926814,0
0.022775346387673867,0.03681352698742146,0
0.02414203747511889,0.03655383652924626,0
0.028005734835752586,0.0434423245683242,0
0.028863405635869813,0.04086716540337743,0
0.02546315642408004,0.039112477541062285,0
0.024865514884743256,0.03964858570109342,0
0.026563037621139814,0.04027293007154553,0
0.02877951505567855,0.0393880588807366,0
0.025460475710047392,0.047906407726149736,0
0.0260587480056258,0.042852898319060695,0
0.02351585421583313,0.04249054440278255,0
0.02991582242571833,0.04861355195283612,0
0.027125987567159168,0.038160279194426217,0
0.02164960418468892,0.040117784886394836,0
0.029923706878741907,0.04518425790733272,0
0.024502199289322624,0.04247068080090788,0
0.028911500799324974,0.04437821385237528,0
0.02095908378871053,0.04093888346066732,0
0.021368286900738886,0.036581227390777515,0
0.032149330278789745,0.04418501418784182,0
0.03026951898844205,0.05229312738192926,0
0.026902857546539868,0.04123077386293161,0
0.0240045326143577,0.042962879946268906,0
0.02493489807136745,0.03816174282824647,0
0.01772377733421654,0.031523536172769706,0
0.019583877491997137,0.03635164597123164,0
0.024106084369324817,0.03847015138364951,0
0.021215328512047268,0.03219325319171562,0
0.02461573541289247,0.04105911052463451,0
0.025162916452867667,0.04192976355831601,0
0.018813093364220438,0.03689653593419662,0
0.021853496139929485,0.03566436534641915,0
0.02683883578797136,0.03772265268157593,0
0.02566594455589821,0.04314395235913715,0
0.02181123547171271,0.038207742748372575,0
0.022046192171872758,0.03915680473681882,0
0.021498853442840082,0.033644132490643686,0
0.020257998225681195,0.04091630168169147,0
0.024891060512545526,0.03910223210430597,0
0.02081732132331171,0.0363922095371646,0
0.025746523665813426,0.04405475077766141,0
0.0197371512588137,0.03763776191989121,0
0.02560271124263092,0.03660694552794208,0
0.025747312111119025,0.04596249291967714,0
0.029241386313909826,0.04815146184609975,0
0.022281779628274045,0.0315310634324284,0
0.019948612288961443,0.035130348091850006,0
0.03094600505803197,0.045000467317370174,0
0.02370870793683749,0.03888707793244029,0
0.025089591039728742,0.03936087710974756,0
0.029100885360997975,0.04419295962858849,0
0.03278765559574165,0.04707966370712735,0
0.03420969554341935,0.045712420626613286,0
0.028378827152917733,0.04373149679349464,0
0.03493143837337831,0.04646305568687703,0
0.030864006746567637,0.046211728850546134,0
0.03596556323220768,0.044563677166706166,0
0.028188023389701,0.04559407537756255,0
0.024897841142146385,0.0371219355428245,0
0.02942982474122735,0.04494965831468134,0
0.029546041578821406,0.04667904622092889,0
0.024988985419121368,0.04186118185921839,0
0.03637539710047405,0.04714657268185818,0
0.025283548584156882,0.04034402085719868,0
0.03308631867634298,0.04246838080490578,0
0.026089812750547614,0.0460105837452609,0
0.04120541302391745,0.05423808764114468,0
0.03018925525664562,0.051030638664983696,0
0.025715931988078863,0.042308008356096716,0
0.0359622517619389,0.051903800785219716,0
0.036543651328038114,0.04654522827146712,0
0.030324079403380444,0.04673905520764232,0
0.03230086946594102,0.04844230679562767,0
0.06566976693872423,0.08182988518629286,0
0.04075126852964601,0.05319660763134604,0
0.037967741233513486,0.054125596927374287,0
0.04665514695516293,0.05801154472540704,0
0.0491354381879367,0.05866453450067055,0
0.04337852596681552,0.055340622090371834,0
0.04278482665399103,0.06000145945200953,0
0.041303968686737864,0.05631749312144519,0
0.049811135812226286,0.06378746196904272,0
0.0516922086150578,0.06225461917606968,0
0.04481255028309672,0.05463891421788514,0
0.04031210449612516,0.05463494149750814,0
0.04125839654825003,0.057411873039388224,0
0.04654413385656775,0.0692148252724365,0
0.037413148807695966,0.0607684035748659,0
0.052362071744109014,0.06861327177149856,0
0.049805301316986066,0.06536985922142824,0
0.04201782706367113,0.055666385161093464,0
0.044112095476311015,0.053920270011168836,0
0.04409112283126143,0.06002801395135371,0
0.05370321720375165,0.06314555399271549,0
0.03916854342929982,0.051050711357399366,0
0.0488739897256088,0.05947204218945245,0
0.051465451746041065,0.06409963415426667,0
0.047082168931031836,0.05664639255035475,0
0.04989959937517213,0.06519338680057096,0
0.052789251409029736,0.06763765528370946,0
0.040758364537369474,0.05263373588142406,0
0.038847961569282614,0.051337374496014165,0
0.049339330143177214,0.058573998294239926,0
0.04600247193371165,0.05681533771154279,0
0.046491623399414934,0.05433531474504905,0
0.0438927499931413,0.058099571845287024,0
0.047956397082498436,0.06300483605524032,0
0.046222448173128206,0.06535710469812339,0
0.03790308871870246,0.05314872589630615,0
0.03921648090369551,0.05114103847328877,0
0.04041917536820727,0.05730523686090772,0
0.050703340516594635,0.058761761604575136,0
0.05022033892424815,0.06236815534256435,0
0.03995698873185388,0.04819871630950268,0
0.04001375679363695,0.04874256081973638,0
0.0383181263259676,0.04578225686898707,0
0.05321690414113378,0.06367894397565066,0
0.045040568664594105,0.06321079024308285,0
0.05506580837562086,0.07227361087036221,0
0.04809279811984246,0.06612383973042657,0
0.050572458596368164,0.06198991054479298,0
0.04385553537485709,0.05910153374188054,0
0.0571969760284276,0.06965746995838963,0
0.05053682086869477,0.06486281464729149,0
0.04641356731446561,0.06066804011276705,0
0.04597803012933871,0.0585411710785102,0
0.05846164229371936,0.06877092604321311,0
0.04835440427123205,0.06022372270244136,0
0.048801610446836174,0.05824802613297631,0
0.053322713500738084,0.06770456425843653,0
0.05489455805590787,0.06333624457070619,0
0.04974427565056855,0.060549903954262185,0
0.04490022540074368,0.05874984344345624,0
0.044241242816868864,0.05905971563267965,0
0.04984078135560177,0.061612293018653785,0
0.04232721300039039,0.058757579793659476,0
0.04251880520890738,0.05883452511459353,0
0.04766136085028405,0.06068184008880695,0
0.051368630662889325,0.05762389085306785,0
0.04479126225992847,0.058683143559273725,0
0.04489927926637916,0.059896495997904926,0
0.04861143743985985,0.058505416595140865,0
0.04780060029071359,0.05959624197379476,0
0.05878585100212658,0.07193509327633785,0
0.05588594917933598,0.07074724988431758,0
0.05782599769079794,0.06076652175995045,0
0.05744486323154958,0.07731269302977994,0
0.05429092433227123,0.06332934458268336,0
0.05852566405228471,0.07658547611067534,0
0.05518076370073577,0.07749836543465649,0
0.05039206231114618,0.06417281584538115,0
0.05783955895000386,0.0714928667714747,0
0.05997025353562574,0.07760040162112136,0
0.04901291378792183,0.06674128411286118,0
0.05516152563535337,0.06849722651845291,0
0.05185336683489933,0.06938021589435572,0
0.04752369830045911,0.06405154332868201,0
0.051196276519751394,0.07233759257745563,0
0.04235197018288589,0.0641284886496265,0
0.05294015983994072,0.06635990295689376,0
0.04990133395483587,0.06529939570741472,0
0.05480341377893305,0.06703421996785741,0
0.05084999134286872,0.06301675421636599,0
0.05069482530732411,0.07078007710004841,0
0.05499642518899744,0.07377341735706444,0
0.044141110263447136,0.06692193834463123,0
0.04729678374238483,0.06139462976023358,0
0.05274005242215718,0.06574538584210078,0
0.046192329562567136,0.06748146464582216,0
0.05573582919373199,0.0741606530483202,0
0.041024543671512925,0.06396121621279527,0
0.0482597908349236,0.07020340537408587,0
0.04208989096432469,0.06217871930786534,0
0.0440606888425818,0.07047961398539693,0
0.04105876219764304,0.06342845350150382,0
0.04374483765438192,0.06648054820196038,0
0.04385253928271193,0.06891310761451197,0
0.04585865951052731,0.06929135241228734,0
0.0553867056137608,0.07436827996053619,0
0.05107517132128153,0.07949308924381482,0
0.05299393180957457,0.06904525283960583,0
0.0520451167324818,0.07732837482073396,0
0.05698977260291287,0.08324689181675549,0
0.053543793563574034,0.08148425851369122,0
0.053212331158378416,0.08181943065898968,0
0.05095453918998905,0.0764177854927588,0
0.12543739003158755,0.18274931904436487,0
0.12888951894429074,0.1827581008472904,0
0.12989494439410515,0.1834347178542579,0
0.1376526154149868,0.1984601735827829,0
0.15690014214092002,0.2165358421968513,1
0.16346615693151886,0.2207040622320404,1
0.16352655184169235,0.2334242946905385,1
0.16545004300180416,0.2396342839077459,1
0.17671676868622704,0.2478061697183762,1
0.17938770599315584,0.2522347074833731,1
0.1919441705035025,0.26727877227049424,1
0.18563124665501635,0.24875815897447,1
0.18316672432829975,0.2574753529291548,1
0.19623189374784594,0.2803481859408794,1
0.2018724314423153,0.2885876079978853,1
0.2201424436821407,0.31774758463828234,1
0.2216830658033284,0.3205253525423457,1
0.23101163524501395,0.3380490221148764,1
0.23673984805712506,0.3494327478031375,1
0.2348124146705057,0.3401311457722819,1
0.2427545818921802,0.35916298545335745,1
0.2262543139784665,0.3437015759363594,1
0.2363883591412505,0.35308890509108626,1
0.2448770766466609,0.3766400278341304,1
0.2466020372795829,0.3798382768262623,1
0.2245917982134979,0.3444996745505666,1
0.2705151102388396,0.36916734080943214,1
0.2644395084264309,0.3686573689676623,1
0.267391132261067,0.3635534687389739,1
0.2668612970177545,0.3793621776529496,1
0.2627137593481947,0.3651022024134467,1
0.26744695418848313,0.3729115252172641,1
0.2618333813233716,0.3718727633845683,1
0.6799766746341611,0.8547786703388531,1
0.7397062946634583,0.9469167194446124,1
0.6536408669492237,0.8775135035901884,1
0.9999999999999998,1.0,1
