Bearing 2-x,Bearing 2-y
0.12573123687680088,0.12133561209043348
0.12581410225108733,0.1217478392499632
0.12607954489965345,0.12190966355779033
0.12494618877874986,0.1215278578055559
0.1259534156941251,0.12162039162068412
0.12664026563797046,0.1226827970115722
0.1258169832511352,0.1218009180135748
0.12577205918257736,0.12215894330777813
0.1259263147614631,0.12208813906929053
0.12581512769178105,0.1206552566043255
0.12495561306704342,0.12100747106792292
0.12731173397138554,0.12211411690023935
0.12653039699204094,0.12145236583817455
0.12547365594023122,0.12062029395966554
0.12682596806484606,0.12267913472337436
0.12469783680843825,0.12109805166267795
0.12477743053860064,0.12021700278333908
0.12713999707016954,0.12259353484056786
0.12492768201572375,0.1214362517701055
0.12625499291957668,0.1212017676644368
0.1262452756482248,0.12220347673226195
0.1255460715855269,0.12228692807265963
0.12588334391327738,0.12191503491381345
0.12666629229942888,0.12252224229698624
0.1250670442892717,0.12154416719566345
0.12635436300600628,0.121669466282532
0.12612466429024774,0.1221657307485713
0.12620069339323206,0.12177674691147038
0.12511094291713548,0.12186552077738118
0.12655354265344967,0.1227601445383061
0.12475760535182433,0.12161150446799145
0.12582460081058605,0.1216946628253325
0.1270784217979396,0.12283558767517858
0.1256256164851796,0.1222207627325547
0.1256651203672052,0.12138131744714055
0.1265408955515411,0.12296972508423205
0.12509761218809473,0.12069383270667475
0.12658733336588684,0.12219585917281127
0.1260344743395682,0.12257683480638645
0.12482513794618945,0.12121163142731473
0.12600219737291884,0.12164343962107485
0.1261774500708039,0.1230705112554334
0.12497050637238187,0.12104541237364964
0.12465012940084992,0.121006103813662
0.12760579129840266,0.12287406611650935
0.12441105522730628,0.120082035255627
0.12544997314321993,0.12084203330240585
0.125396015430442,0.12244299038038893
0.12570169441867218,0.12097900288099928
0.12642389765125164,0.1211766687826544
0.127003125152595,0.12288212315054435
0.12571160701206102,0.12173538747009
0.1258273353191074,0.12138429610820732
0.12625181893647153,0.1223851750573758
0.1260873577811416,0.12109766101860366
0.1255460715855266,0.1211729576639479
0.1270724644758047,0.12276512525025594
0.12554079789052242,0.12127740612334605
0.12661980565457284,0.12242321402412175
0.12683807803115407,0.12204126178035984
0.12538068265052024,0.12112207627325515
0.12465105718052608,0.12075081791103047
0.12571375555447126,0.1228989696762546
0.12570232921529367,0.12167898823184707
0.1251466868499441,0.12117984276575886
0.12564793202793073,0.12212334586649698
0.12586293276038804,0.121625469993652
0.12513916695151156,0.12132579715806385
0.12580106450510328,0.12216997900288015
0.12572757458860326,0.1218584403535322
0.12597958884711274,0.12108774842521575
0.12640724644758014,0.1221158259680647
0.12566604814688306,0.12126637042824262
0.12660535182381993,0.12092836564285313
0.12556765467063846,0.12262620245129105
0.12447131207578635,0.12051511304262855
0.1251265686801117,0.12124190634308253
0.12598891547438812,0.12184066604814606
0.12532066995458782,0.12057463743346808
0.12579222618291916,0.12089833487963254
0.12554519263635885,0.12146794277064225
0.1259068802187602,0.12210933151032775
0.12515298598564392,0.1209969236779137
0.12540280287123376,0.12170081546950473
0.12586210264173073,0.12243317544802035
0.12546901704184704,0.12180619170857868
0.1259869134235072,0.12138917915913774
0.12577108257239147,0.12185468040431582
0.12333151032765274,0.11945339127887067
0.12772313101225696,0.12229923336100265
0.12652526978856474,0.1224762927877339
0.1260990282728653,0.12090004394745785
0.12487479857414875,0.12094355193124715
0.1253050930221197,0.12176033986034415
0.12588534596415812,0.12074822989403672
0.12562254016309307,0.12089955564236507
0.12622466917330047,0.12208857854387367
0.12662996240050753,0.12159958982372175
0.12608110747595105,0.1219296840666052
0.1259955564236532,0.12171102104594858
0.12585355730260386,0.1212304311733966
0.1255167732799468,0.12109756335758523
0.12726402656379712,0.12255764441623147
0.12610127447629288,0.1217558962839973
0.12466653645197508,0.1204736071097222
0.12634655012451645,0.12252522095805435
0.12573372723277482,0.12074193075833665
0.12506147761121106,0.12109038527271772
0.12620391620684546,0.12237902241320275
0.1255598906196591,0.12200141608476887
0.12602607549196748,0.12131500561550873
0.12634777088724927,0.12157048684017753
0.12553025050051209,0.1214312222276474
0.1256940280287124,0.1216027638068256
0.1262290150886277,0.12195580838908135
0.1250358415938281,0.12101440500024414
0.1247983788270914,0.12070467307973942
0.12605024659407116,0.12228526783534295
0.12577332877582012,0.12142565554958785
0.12475111089408678,0.12099448215244815
0.12721041066458275,0.12344474827872352
0.12600546901704174,0.12178661067434855
0.12620523463059774,0.12172982079203025
0.12697685433859024,0.12220889691879523
0.1245872357048688,0.12077909077591545
0.12744328336344596,0.12176380682650452
0.12701679769519986,0.12296889496557407
0.1266342106548171,0.12152019141559625
0.12440368182040075,0.1200878460862335
0.12643131988866688,0.12244259973631368
0.1261914644269743,0.12175985155525113
0.124215684359588,0.12188392987938802
0.1268617608281648,0.12287982811660796
0.12540485375262372,0.12134445041261825
0.1251024952390253,0.12057165877239975
0.1264861565506141,0.12273660823282374
0.12609048293373654,0.12094355193124545
0.1253185702426879,0.12094731188046247
0.12621915132574865,0.12182958152253498
0.12525875286879198,0.12105288344157425
0.1248352458616142,0.12063601738366105
0.12641046926119445,0.12256267395868843
0.1266998388593189,0.12164270716343535
0.12671688070706524,0.12281727623418988
0.12608467210313032,0.12240529322720795
0.1262806777674691,0.12215440207041335
0.1284192587528684,0.12361433663753015
0.12750896039845686,0.12348644953366746
0.12584291225157404,0.1222939108354894
0.12741593827823608,0.12279359343717952
0.12631642170027824,0.12214361052785748
0.12616534010449687,0.12222867327506183
0.1256802578250887,0.12164685775672633
0.12617842668098994,0.12172342399531197
0.12579710923384885,0.12196010547389978
0.12642839005810816,0.12199018506762965
0.12593793642267695,0.1222680306655594
0.1248968211338445,0.12077601445383032
0.12575745886029624,0.12271204648664445
0.12732775037843594,0.12229752429317807
0.12572103130035614,0.1221305727818736
0.1254440646515949,0.122504126178036
0.12736300600615202,0.12305322525513925
0.12597646369451734,0.12207441769617618
0.1252928853947943,0.12180775428487707
0.1267573123687675,0.1226950534694068
0.12598417891498648,0.12134239953122747
0.1275044191610915,0.12197758679623028
0.12723990429220208,0.12278939401337916
0.12708271888275866,0.12291244689682053
0.12620811563064627,0.12246442697397353
0.1267387079447235,0.12341007861711906
0.12585150642121112,0.1212693490893106
0.12592973289711487,0.1224069534645236
0.1263835636505682,0.12286371404853667
0.12644772693979214,0.12150432150007345
0.12588090238781194,0.12243283363445474
0.12730865764929894,0.1237497924703352
0.12703681820401394,0.12192314077835747
0.12569920406269916,0.12177327994531012
0.12752121685629197,0.1230195810342296
0.12629498510669449,0.12231222227647807
0.12599960935592547,0.1224726304995368
0.12686825528590268,0.12292177352409693
0.12598369060989234,0.1215114507544309
0.12624942624151575,0.12183778504809828
0.1276116021290102,0.1226275208750431
0.12574769275843514,0.12118355388446585
0.12543786317691305,0.12114531959568378
0.12621475657991116,0.12243693539723567
0.12636032032814032,0.12245207285511975
0.1260954148151759,0.12165799111284548
0.12708169344206235,0.12209707505249252
0.12573929391083485,0.12190204599833887
0.1257605351823818,0.1219317349479952
0.12683382977684468,0.12293290688021875
0.1273153474290731,0.12191059133746808
0.12539728502368286,0.12082997216660933
0.12760706089164495,0.12334449924312713
0.1266661458078998,0.1223629571756421
0.12679618145417354,0.12186972020118095
0.12739367156599438,0.12299951169490556
0.1267714732164655,0.12173699887689833
0.1251749597148292,0.12167517945212067
0.1271880462913232,0.1230228526783534
0.12492538698178672,0.1213569510229991
0.12508730895063228,0.12199238244054735
0.12661555740026373,0.12241144587138088
0.1254187704477757,0.1219857414912832
0.1260810586454416,0.12261433663753055
0.12587089213340422,0.12319454074906015
0.12568777772352124,0.12220342790175255
0.12708511157771366,0.12341188534596395
0.12653200839884754,0.12294340543971875
0.12678280189462404,0.12190189950681105
0.1258368084379126,0.12247311880462868
0.12624361541090878,0.12234908931100084
0.12611587479857278,0.12102714976317155
0.12583588065823428,0.12183705259045755
0.1270074222374142,0.12232438107329402
0.1262388788515064,0.12189564920162085
0.12626583329264138,0.12172391230040548
0.12582025489525892,0.12277401240294995
0.1261841886810872,0.12216045705356725
0.1249569314907951,0.12198271399970685
0.12763333170565028,0.12256994970457527
0.1275330826700516,0.12196259582987415
0.1258227452512329,0.12182875140387643
0.1273626641925879,0.12381874114946928
0.12651818936471498,0.12163611504467915
0.1276924166219054,0.12328385175057333
0.1281010791542558,0.12244201377020243
0.12721417061379947,0.12258601494213535
0.1255518335856238,0.12205420186532495
0.12778421797939402,0.12338629815908955
0.1262519165974888,0.12180301772547344
0.1269061477611213,0.12247473021143512
0.12640490258313472,0.1227346061819415
0.1274880609404757,0.12290175301528433
0.12584530494653134,0.12230855998827972
0.12578231358953065,0.12240421895600292
0.12692836564285398,0.1217014014356173
0.12694042677865042,0.12258020411152773
0.12677508667415394,0.12287743542165135
0.12674237023292242,0.1231948337321142
0.12574315152107013,0.1220705600859404
0.12765711216368034,0.12208813906929095
0.1263833194980228,0.1220295912886366
0.12635870892133416,0.12148039455051518
0.1273067532594357,0.12243786317691335
0.12599492162703196,0.1229391571854079
0.12531412666634106,0.12169632306264964
0.12667220079105493,0.12308330484886905
0.1258865667268914,0.12146305971971275
0.12537828995556402,0.12208784608623373
0.12757424678939405,0.12313008447678032
0.12737589726060852,0.1220246594071972
0.12653508472093422,0.12178158113189012
0.12638659114214487,0.12239845695590584
0.12500136725426064,0.12229293422530395
0.12596161921968882,0.12135822061624055
0.12626812832657805,0.12243634943112387
0.12592069925289298,0.12195785927047195
0.12591918550710454,0.1222577762586054
0.1270797402216904,0.12284027540407197
0.12544020704135958,0.12100473655940285
0.12555017334830748,0.12087689828604856
0.12696606279603515,0.12300888715269198
0.12507724986571594,0.12179496069144
0.12540031251525902,0.1208879339811505
0.1266166316714684,0.12218667903706132
0.12621895600371086,0.1217301137750868
0.12751535719517515,0.12263162263782372
0.12712783827335294,0.12265052004492265
0.12439850578641515,0.1216171688070703
0.12589970213389298,0.12186376287904645
0.1260167488646908,0.1220234874749746
0.12526241515699002,0.12169285609648878
0.12547844133014285,0.12179876947116608
0.12594687240587898,0.12291850187997455
0.12606870452658833,0.1218788026759111
0.1257225450461444,0.12163674984129995
0.12674261438546686,0.12327818741149404
0.12664470921431764,0.12238385663362555
0.12633541676839669,0.1210300307632204
0.1264025587186876,0.12279754870843225
0.12555569119585874,0.12175667757214632
0.12650437033058254,0.12209092240832115
0.12632423458176706,0.1220956589677222
0.1264685775672642,0.12167083353679373
0.12583822452268234,0.12089726060842808
0.12611231017139432,0.12212246691733
0.12482005957322102,0.12014942135846368
0.12580321304751158,0.12144841056692153
0.12638444259973608,0.12251257385614517
0.12603359539039954,0.12155066165339988
0.1259175741002982,0.12170325699496926
0.12722027442746256,0.12321714927486566
0.12525567654670594,0.1219272425411392
0.1272833634454802,0.12166761072317968
0.12641217832901955,0.1227723521656328
0.12537135602324356,0.1214679427706432
0.12642213975291836,0.12172947897846592
0.12678436447092173,0.12226212217393427
0.1265240490258323,0.1224958249914538
0.1258066311831637,0.1223412764295124
0.12611040578153268,0.1231293520191412
0.12603193515308345,0.12206616534010448
0.12590673372723238,0.1226410957566284
0.12640392597294772,0.1225322525513936
0.12552512329703605,0.12114331754480225
0.1264031446847982,0.12268914497778112
0.12642638800722628,0.12290932174422503
0.12564915279066372,0.12124805898725513
0.12664602763806898,0.12237584843009924
0.12637843644709248,0.12256858245031475
0.12614160847697556,0.12146535475364945
0.12593193027003272,0.121564578348552
0.1262564090043467,0.12229991698813387
0.12508218174715474,0.12105386005176008
0.12526344059768546,0.12166131158748
0.12682049904780515,0.1241239318326083
0.12715357195175545,0.1220825723912293
0.12653098295815188,0.12158577078958907
0.12606528639093684,0.12245676058401195
0.12560920943405468,0.1218686459299762
0.12632145124273678,0.12164446506177001
0.12708935983202355,0.12300043947458385
0.12638727476927625,0.1215285414326862
0.125962839982421,0.12227760144538165
0.1274112017188337,0.12296015430440906
0.1253235021241271,0.12123863469895822
0.12476532057229388,0.120679769519995
0.12741349675277086,0.1230188485765902
0.1261686117486202,0.12112168562918002
0.1264506079398406,0.12111323795107096
0.12765056887543355,0.12256970555202812
0.12651179256799622,0.12228092192001493
0.12598637628790454,0.12062420040040955
0.12606137995019245,0.1225546657551629
0.12612432247668307,0.12179486303042095
0.12627037453000678,0.12271712485961275
0.12571141169002362,0.12193993847355845
0.12610918501879995,0.12159817373895118
0.12579637677621044,0.12102172957663865
0.1268141999121049,0.12270691928316832
0.12568313882513846,0.12142648566824495
0.12562107524781446,0.12164524634991845
0.12756555495873695,0.12234181356511467
0.12612686166316706,0.12270403828311854
0.12600317398310512,0.12197685433859125
0.12722349724107598,0.12230045412373546
0.12679735338639633,0.121612822891742
0.12511431222227615,0.12094789784657405
0.12658611260315475,0.12346247375360075
0.125300454123737,0.12114307339225497
0.12557859270472235,0.121374676497875
0.12524893793642194,0.12160325211191775
0.12499077103374152,0.12085785438742105
0.12532613897162892,0.12118091703696385
0.1240072757458854,0.12095741979588838
0.12515493920601592,0.12163797060403245
0.12460501001025315,0.12182689584452318
0.1253890814981197,0.12066380194345465
0.12505488549245591,0.12100864300014573
0.12467288441818455,0.12122061624102655
0.12540631866790425,0.12142419063430765
0.12461448312905925,0.121020362322378
0.12515215586698614,0.1209524390839394
0.12561858489184088,0.12075120855510467
0.12563245275648213,0.12103090971238795
0.12459192343376148,0.12108052150983835
0.1276012500610378,0.12312969383270593
0.12717642463010975,0.1225926070608914
0.12577601445383055,0.1208691830655782
0.12546286439767546,0.1209385712192975
0.12507641974705874,0.1214249719224569
0.12473787782606645,0.1212561648517985
0.12585697543825464,0.1215748327555047
0.1249780262708129,0.12101235411885207
0.12536979344694604,0.12103120269544387
0.1260841349675276,0.12206997411983014
0.12531324771717392,0.1213107085306886
0.12419229454563202,0.1212392206650704
0.12666551101128118,0.1223623712095303
0.12668182040138606,0.1222040138678638
0.1252373651057178,0.12128477953025033
0.12670447775770288,0.12278568289467172
0.12547639044875186,0.12112700815469447
0.12436178524342008,0.12060173836612995
0.12497543825382072,0.1208454514380578
0.12517154157917762,0.1204612041603584
0.12431354070022987,0.12065003173982967
0.12563748229894048,0.120809268030665
0.1247443234532933,0.12044089066848912
0.12500488305092936,0.12097177596562275
0.12638947214219534,0.12298393476243935
0.12537233263342892,0.1203374676497864
0.12593349284633062,0.12077660041994165
0.12597343620293971,0.12146672200790927
0.1256883636896341,0.1217433956736155
0.1257771863860533,0.12131998632745593
0.12553122711069814,0.12109844230675272
0.12541496166805033,0.12131261292055175
0.12486000292983045,0.12100029298305474
0.12618296791835587,0.12252097270374443
0.12482430782752987,0.12074647199570147
0.1253354655989059,0.12116880707065662
0.12536349431124622,0.1215581327213242
0.12569471165584206,0.1208385663362454
0.12483231603105505,0.12098735289809034
0.12697880755896274,0.12200268567801105
0.12601337955954928,0.12017798720640616
0.12575555447043374,0.12102109478001842
0.1263460129889153,0.12229645002197224
0.12504775623809847,0.12094316128717154
0.12505102788222125,0.12059597636603304
0.126590116704917,0.12202724742419001
0.1257926168269938,0.12047780653352096
0.12568435958787044,0.12069949704575295
0.12609687973045566,0.12261956150202608
0.12530406758142507,0.12026451486888835
0.12562586063772585,0.12100766638995998
0.1258613701840899,0.12211235900190312
0.12530143073392255,0.12081043996288875
0.12503852727184014,0.12055237072122554
0.12686097954001646,0.12168816836759608
0.12575096440255806,0.12121421944430835
0.12637233263342873,0.12118443283363327
0.12676131647053038,0.12186742516724405
0.12658396406074554,0.12107373406904624
0.12528009180135755,0.1204908442795058
0.1252025489525851,0.12070569852043435
0.12741701254944024,0.1229299282191509
0.1260447775770305,0.1208580008789482
0.12589667464231608,0.122115386493481
0.1254475316177549,0.12109316861174806
0.12504179891596212,0.12105415303481537
0.1265796181454168,0.1213629571756426
0.12526475902143652,0.12122628058010546
0.12607080423848838,0.12151125543239298
0.12618716734215546,0.12188651789638065
0.12523863469896027,0.12131754480199095
0.12513179354460632,0.12075706821622055
0.12569446750329555,0.12120005859661112
0.12518282142682735,0.12114429415498595
0.12577533082670025,0.12097250842326195
0.12575286879242087,0.121050490746618
0.12527262073343431,0.1207565799111276
0.12574671614824925,0.1208871038624928
0.12480165047121415,0.12107060891645074
0.12544704331266132,0.1199338834904044
0.12550441916109148,0.12039362273548353
0.12549645978807533,0.12172078714780933
0.12536681478587894,0.12166409492650958
0.12510190927291373,0.12026680990282702
0.12489813955759516,0.12019117144391712
0.12561931734947984,0.12141183651545415
0.1256484203330245,0.12144220909224038
0.12475101323306753,0.12092455686312745
0.12538263587089254,0.12075828897895377
0.12439606426095015,0.11999262659309501
0.12481361394599355,0.12072928365642813
0.12615889447726927,0.12091884369353904
0.12559802724742486,0.12088891059133733
0.12479198203037345,0.12062976707847027
0.125360710972215,0.12079310513208552
0.12546135065188738,0.12065720982469795
0.12534122759900382,0.12085751257385495
0.1255841593827823,0.12069119585917193
0.125259729478978,0.12047414424532366
0.12475384540260699,0.12054944089066702
0.12582782362420014,0.12128585380145465
0.12570535670687025,0.12090419454074885
0.12569959470677253,0.12112490844279387
0.12592353142243268,0.12058635675570045
0.1254679916011527,0.12122725719029212
0.12544904536354398,0.12058542897602442
0.1255044679916001,0.12049519019483305
0.1255467063821467,0.12131861907319608
0.12538034083695593,0.12013145173104126
0.1257832413692075,0.12071605058840808
0.12406504223839025,0.12096630694858028
0.12535739049758246,0.12059172811172301
0.1258779725572536,0.1214856194150107
0.12604502172957585,0.12114409883295002
0.1240093266272764,0.11937589726060754
0.1250553249670392,0.12141911226134032
0.12596396308413538,0.12110713413740905
0.12489965330338396,0.1201730553249666
0.124418086820645,0.1206810391132366
0.12538595634552466,0.12094877679574048
0.12499687484740478,0.1201518140534203
0.12587040382831188,0.121056252746715
0.12522798964793286,0.1211404365447529
0.12548190829630373,0.12102758923775445
0.12552136334782033,0.12023785341080935
0.12562556765467073,0.12088226964207165
0.12557493041652426,0.12094125689730845
0.12603589042433702,0.12182005957322085
0.1256542311636318,0.12139757800673814
0.12611611895112038,0.121058694272181
0.1260142585087161,0.12068108794374692
0.12629723131012266,0.1211828214268276
0.12594345427022804,0.12083426925142825
0.12526939791982042,0.12120738317300606
0.12502793105132035,0.1204107622442494
0.12581590897993072,0.1214540260754918
0.12452824844963115,0.1211597245959271
0.12505205332291694,0.12141916109184984
0.12536642414180374,0.12077757703012798
0.12524932858049553,0.12143810732945898
0.1245499291957604,0.12048586356755632
0.1255392353142246,0.12102129010205535
0.12569217246935874,0.12072127545290234
0.12447604863518688,0.12078128814883488
0.1247083353679382,0.12032081644611413
0.12451804287318745,0.12056799648420324
0.12480560574246838,0.12055154060256802
0.12450256360173725,0.12105141852629375
0.12553879583964095,0.12083207187850935
0.12519546852873675,0.12066155574002535
0.1249713364910398,0.12118238195224257
0.12636661946384098,0.12159109331510234
0.1263928414473357,0.12071106987645792
0.12575638458909133,0.1208183505053948
0.12551999609355954,0.12091659749011115
0.12516475413838493,0.12077957908100895
0.12555290785682888,0.12155476341618235
0.1256119439425757,0.12063279457004718
0.12537677620977614,0.12118008691830615
0.1243459641584067,0.1205121832120696
0.12520870159675787,0.12059431612871635
0.12537833878607393,0.12127677132672368
0.12590697787977895,0.1206144342985488
0.1251448312905901,0.1209755359148386
0.12528756286928094,0.12130963425948466
0.1250085941696372,0.12101030323746124
0.12490043459153402,0.12148684017774253
0.12506260071292555,0.12055129645002093
0.1252176864104692,0.121089408662532
0.1258923287269879,0.12090658723570435
0.12488324625225887,0.12074901118218527
0.12639342741344906,0.12187094096391413
0.12568987743542098,0.12056369939938402
0.12569041457102378,0.12067312857073073
0.12540573270179198,0.1207055031983974
0.1250496606279599,0.12045334244836055
0.12513408857854436,0.1214708726012007
0.125397138532155,0.1208966746423167
0.12531876556472474,0.12145358660090715
0.12495741979588786,0.12045221934664692
0.12526764002148594,0.12002685678011575
0.12540036134576935,0.12118941354558325
0.1251488842228613,0.12070291518140468
0.12512505493432272,0.1214744860588886
0.12612432247668298,0.12074891352116708
0.12446276673665692,0.11994184286342
0.12489413545583256,0.12128199619121938
0.12473367840226512,0.12091562087992525
0.12579989257287985,0.12041432687142815
0.12602631964451375,0.12143268714292632
0.12587191757409955,0.12025362566531485
0.1265953415694124,0.1227073099272416
0.12574730211436078,0.121886469065872
0.1258357341667077,0.12113296547682775
0.12616997900288088,0.1212253039699196
0.12734010449729066,0.12205400654328838
0.1256377264514855,0.12103383954294535
0.12567806045217034,0.12066238585868308
0.12697441281312574,0.12234479222618284
0.12538663997265526,0.12015191171443852
0.12535455832804346,0.12129019971678234
0.12673904975828906,0.12237877826065625
0.12527340202158274,0.12129337369988707
0.12468162507934925,0.12038175692172387
0.12601167049172382,0.1222149519019472
0.1244675521265682,0.12022906391913585
0.12555574002636788,0.1201805263928897
0.12665559841789148,0.12210435079837785
0.12553737975487014,0.1208528736754722
0.12523712095317194,0.12061907319693288
0.12607417354363007,0.12144567605840167
0.12515386493480976,0.12104648664485558
0.12555232189071652,0.12089994628644013
0.12667781629962335,0.12137238146393832
0.12562805801064544,0.12087831437081865
0.12561609453586628,0.12048400800820415
0.12590546413399073,0.12176717613164617
0.12520059573221298,0.1208592216416815
0.1258145905561798,0.1201378485277595
0.12663132965476784,0.122518580008789
0.1252204697494996,0.11958909126422147
0.12513814151081604,0.1208251867766981
0.12593993847355908,0.1218508227940814
0.1252515259534157,0.1201630450705598
0.1251473704770751,0.1211060598662042
0.12561858489183989,0.12152727183944463
0.12499770496606248,0.12034713609062855
0.12559485326431974,0.12053635431417473
0.1269192343376134,0.1215651643146632
0.12493319986327385,0.12018672786757133
0.12419317349480008,0.12053059231407713
0.1254773182284282,0.12059856438302605
0.12505581327213225,0.1208892035743922
0.12519336881683668,0.12084843009912513
0.12614732164656595,0.12251814053420455
0.12477035011475125,0.12107124371307162
0.12539840812539688,0.12096059377899207
0.1255789345182869,0.12122344841056593
0.12453239904292178,0.1202821915132569
0.12469642072366892,0.120751208555105
0.1253288246496411,0.12148654719468678
0.1248831974217486,0.1203135895307378
0.12556701987401772,0.12077411006396828
0.126253479173788,0.1222344841056688
0.12518609307095074,0.1209789052199812
0.12561804775623872,0.1211017139508761
0.12663601738366229,0.12215552517212648
0.12504868401777394,0.12067571658772352
0.12540348649836466,0.12104717027198475
0.12539323209141154,0.1213245275648223
0.12535436300600622,0.12070770057131612
0.12581835050539542,0.1210811563064601
0.12588808047267971,0.12110176278138465
0.12392099223594888,0.11911455637482225
0.12585087162459066,0.1206397773328775
0.12485419209922352,0.12084344938717705
0.12524166219053612,0.12095893354167625
0.12464260950241712,0.12088285560818385
0.12472357048683938,0.12081864348845102
0.12501694418672699,0.12102758923775465
0.12490878460862408,0.12124088090238755
0.1254906977879766,0.12139303676937345
0.12547350944870406,0.12095214610088248
0.1251662678841748,0.12121348698666815
0.1246939303676931,0.12099565408467206
0.12517281117242013,0.12108081449289455
0.1258142975731232,0.1216766931979092
0.12564759021436586,0.12091332584598725
0.12503842961081946,0.1211093315103264
0.1257373406904635,0.12113682308706293
0.12507041359441431,0.12088490648957392
0.12562683724791218,0.12040744176961678
0.1256501782313584,0.12064846916353344
0.12495986132135302,0.12041471751550226
0.12597138532154772,0.12045861614336532
0.12566204404511871,0.12066048146882093
0.12581478587821676,0.12069617657112112
0.12583006982762782,0.12107109722154355
0.12531481029347072,0.1204459690414566
0.12487181991308158,0.12051540602568428
0.1247954978270426,0.12042072366814667
0.125564285365496,0.12093759460911126
0.12437916890473145,0.11942296987157425
0.1253582206162408,0.12060437521363275
0.1244391327701545,0.1201554763416169
0.12476439279261635,0.12072708628350926
0.12608071683187533,0.1213306313784847
0.1250677767469111,0.12132486937838613
0.12573104155476306,0.12071097221543918
0.12489940915083778,0.12055901167049238
0.12552917622930798,0.12119644513892222
0.12619732408808984,0.12082987450559038
0.12620372088480952,0.12060979540016482
0.12560281263733547,0.12077572147077385
0.12587235704868338,0.12149328580497007
0.1253098784120324,0.1207731822842912
0.12439396454904983,0.12080145514917585
0.12474197958884704,0.12059353484056833
0.12530074710679368,0.12057712778944228
0.12550344255090634,0.12050388202548852
0.12591293520191432,0.1212519165974888
0.12514375701938518,0.12111538649348033
0.12526539381805693,0.12031588456467605
0.12513106108696706,0.12161052785780488
0.12559055617950055,0.12130548366619348
0.12486185848918395,0.1204491430245602
0.12507744518775304,0.12042502075296554
0.12585751257385594,0.12139538063381985
0.1254378143464041,0.12058464768787505
0.12441330143073273,0.12095629669417338
0.12578255774207694,0.12055705845011826
0.12430143073392308,0.12053166658528212
0.1257280628936953,0.12100649445773705
0.12543820499047845,0.12103003076322025
0.12583089994628585,0.1210736364080274
0.12422549929195773,0.1209785145759066
0.12598212803359482,0.12100522486449422
0.12471819913081615,0.1207060403340004
0.12485126226866547,0.12079081009814835
0.12475628692807265,0.12116494946042206
0.12527511108940864,0.120895942184676
0.12528253332682268,0.12066150690951645
0.12573582694467486,0.12163103667171116
0.12590087406611666,0.12034503637872901
0.12607007178084825,0.1221411201718826
0.12588876409980973,0.12135333756530906
0.12555329850090494,0.12097065286390846
0.12462195419698233,0.12137291859953996
0.12528145905561774,0.12001015674593382
0.12527794325894767,0.12073831730064898
0.125274915767371,0.12135919722642692
0.12580804726793401,0.12114321988378238
0.12611816983251148,0.12041081107475925
0.12611270081546838,0.12078319253869693
0.12528302163191524,0.12078001855559208
0.1253569510229997,0.12047228868596993
0.12555715611113846,0.12097631720298785
0.1258150788612728,0.12080184579325155
0.12564007031593394,0.12074666731773913
0.12536559402314634,0.12107490600126923
0.12547541383856625,0.1213462083109522
0.12584476781092824,0.1205036867034516
0.1254154988036525,0.12124376190243555
0.12610557156111107,0.12166136041798807
0.12582025489525786,0.12091693930367653
0.1254720933639326,0.1208097075052485
0.12497924703354672,0.12014102251086375
0.1259792470335459,0.1209588847111665
0.12581029347136166,0.12150368670345127
0.12545290297377787,0.12028448654719452
0.1255475365008056,0.12147502319449137
0.12646838224522558,0.12097353386395762
0.1261825284437714,0.12151711509350932
0.12629352019141538,0.12101635822061492
0.12531266175106112,0.11991811123589953
0.12634528053127625,0.12120616241027375
0.12446862639777395,0.12055735143317532
0.12564422090922356,0.12069002392694834
0.12514785878216647,0.12046852873675415
0.12550817911030787,0.1208047756238084
0.12534518287025775,0.12080819375946054
0.12503476732262273,0.1207734264368367
0.12463201328189907,0.12142052834610972
0.12538449143024608,0.1209834464573456
0.12508452561160185,0.12012256457834745
0.12531363836124776,0.1207550661653397
0.12638063382001094,0.12244855705844837
0.1255575467552121,0.122331217344596
0.12626827481810654,0.12130826700522472
0.1259375457786032,0.12134445041261654
0.12527398798769496,0.121865178963816
0.1252651984960205,0.12183177889545295
0.12478607353874616,0.12112319937496895
0.1259970701694426,0.12212525025635967
0.1258938913032857,0.12106357732311013
0.1260742223741378,0.12156423653498548
0.12594916743981555,0.12215567166365475
0.1258733824893795,0.1213427901753006
0.12510684115435333,0.12034689193808283
0.12704804922115326,0.12245529566873385
0.12522925924117287,0.1205141852629512
0.12459304653547484,0.12010205576444065
0.12633932320914115,0.12114439181600675
0.12600449240685552,0.12096132623663285
0.12531153864934744,0.12108970164558827
0.12515811318911996,0.12175975389423145
0.127038576102348,0.12324288295326825
0.12492201767664493,0.11992734020215752
0.12554861077201085,0.12145602812637275
0.12612881488353905,0.12093427413447805
0.12416607256213613,0.12028419356413825
0.12557043800966844,0.1216376776209774
0.12461711997656087,0.1208832462522579
0.12568714292690125,0.12110425313735927
0.12646706382147507,0.1217609746569651
0.12548010156745953,0.12096122857561308
0.12551276917818185,0.12112026954441076
0.1255415303481607,0.12126627276722475
0.12565784462131865,0.12130851115777105
0.1262992821915122,0.12060886762048842
0.12608809023878162,0.12215786903657345
0.12576766443674114,0.12045724888910445
0.12557781141657348,0.12039533180331012
0.12651384344938618,0.12161394599345665
0.125791005420186,0.1213778504809801
0.1260316910005363,0.12113062161238312
0.12548425216074965,0.12091596269348975
0.12660266614580734,0.12190414571023928
0.1259688461350641,0.12102026466136055
0.1256092582645639,0.12110557156111094
0.1257711314029007,0.12151272034767276
0.12555989061965894,0.1212138288002324
0.12539801748132207,0.12044045119390565
0.12661643634943087,0.12184095903120155
0.12535997851457553,0.12089936032032796
0.1258257727428089,0.12139137653205725
0.1266423653498703,0.1218424727769914
0.12580477562380915,0.1206611650959503
0.12577264514868738,0.12079007764050878
0.12674124713120735,0.12252243761902447
0.1259390595243907,0.12133473314126585
0.12542926900727575,0.12150168465256984
0.12675262463987552,0.12234518287025713
0.12556433419600593,0.12151706626300092
0.12570496606279552,0.12081327213242801
0.125343327310904,0.12118921822354528
0.12477855364031445,0.12099931637286915
0.12576951999609268,0.1213871771082556
0.1251216856291799,0.12149655744909385
0.12544933834660016,0.12090981004931815
0.12554475316177638,0.12145690707554033
0.12652693002588064,0.12224151569900775
0.1247242052834611,0.12102578250891155
0.12529742663215995,0.12079994140338825
0.12596635577909113,0.12171981053762293
0.12522188583426833,0.12090458518482285
0.12528639093705726,0.12106616534010338
0.12641027393915727,0.12136852385370328
0.1257095073001615,0.12155432394159828
0.12557727428097035,0.12091064016797586
0.12498154206748402,0.1208915474388396
0.12515503686703486,0.12068299233360888
0.1259763660334985,0.12124971922457042
0.12661086967137053,0.12173817080912047
0.1256717124859605,0.12116685385028493
0.1256582840959036,0.1212443966990573
0.12701684652571013,0.12180531275941205
0.12522916158015432,0.12061697348503238
0.12562947409541486,0.12086444650617745
0.12598281166072506,0.12160764685775635
0.1258714292690071,0.12046677083841925
0.1247172713511399,0.12054416719566367
0.12676063284340042,0.12140324234581674
0.12633361003955293,0.1208148835392336
0.12652395136481218,0.12166458323160258
0.12607646857756713,0.12205971971287614
0.12567093119781328,0.12096581864348817
0.1253611016162887,0.1211151423409344
0.1263466477855366,0.12253322916157967
0.12554895258557502,0.12091996679525326
0.12619883783387856,0.1207393427413444
0.1263764832267203,0.12203388837345545
0.12552561160212844,0.12110508325601818
0.1259278285072507,0.1217535524195506
0.12643522632941054,0.1215328873480151
0.12532750622589,0.12116934420625874
0.1258518482347757,0.12079652326773616
0.1267206894867911,0.1217619024366417
0.12631979100541987,0.12090463401533162
0.12619224571512286,0.12066018848576547
0.12659929684066615,0.12190053225255065
0.12539181600664215,0.1209245568631267
0.12620098637628774,0.12094159871087395
0.12572357048684016,0.12126173152985947
0.12484652570926286,0.12017349479954988
0.12499746081351648,0.12015059329068672
0.12664109575662866,0.12184945553982042
0.12571277894428418,0.1208209385223882
0.1253624688705508,0.1213216953952827
0.12600683627130316,0.12112993798525327
0.12506850920454984,0.12060076175594442
0.12536285951462492,0.12050036622881904
0.12586586259094634,0.12120103520679645
0.12577918843693467,0.12070491723228513
0.12508555105229724,0.12048801210996547
0.12626993505542272,0.121487328482835
0.12496913911812126,0.12093041652424436
0.12519698227452514,0.12123463059719727
0.12668904731676373,0.12231368719175625
0.12566448557058438,0.12141051809170278
0.12604277552614904,0.12180023438644355
0.1264201865325456,0.12243991405830296
0.12527135114019214,0.12166487621465825
0.1247334830802285,0.12036510571805092
0.12649274866936872,0.12187216172664522
0.12454743883978693,0.1204607158552653
0.12514966551101087,0.120444064651593
0.12675706821622207,0.12179232384393557
0.12464417207871464,0.12124625225841015
0.12483768738707908,0.12033312173445887
0.12588031642170014,0.12151232970359835
0.12533175448019845,0.12105864544167134
0.1253706723961132,0.12051691977147352
0.1254655500756865,0.12131441964939672
0.12472855119878888,0.12045998339762527
0.12512144147663454,0.120217832901996
0.1264437228380293,0.12114312222276336
0.12497768445724886,0.12090897993066033
0.12555324967039375,0.12010698764587956
0.1261552321890719,0.1217966697592648
0.12553903999218735,0.1212058205967076
0.12578192294545626,0.12062586063772575
0.1262632452756478,0.1218214756579911
0.12548356853361928,0.12094579813467413
0.12486044240441414,0.1204883539235308
0.12646462229601055,0.1218267005224858
0.1259629864739486,0.11980609404756087
0.1265581327213235,0.12103579276331745
0.1268921822354608,0.12182811660725568
0.12633268225987554,0.12083763855656975
0.12569876458811502,0.12062849748522825
0.12638790956589685,0.12172044533424355
0.12534078812442048,0.120678158113189
0.12518077054543594,0.12048264075394198
0.1259405244396696,0.12138683529469199
0.1251360417989158,0.12017637579959856
0.12565008057034,0.12066814785878133
0.12556579911128374,0.12164031446848007
0.1250187509155728,0.12031866790370582
0.1258041896576981,0.1204619366179972
0.12614126666341155,0.12167644904536228
0.13022061624102682,0.1260987841203176
0.126204746325504,0.1211049367644896
0.12552434200888754,0.12176473460618195
0.12537037941305768,0.12129601054738938
0.1257276722496212,0.12101303774598288
0.1262827286488599,0.12191161677816235
0.12605283461106473,0.12130211436105227
0.12518413985057847,0.12045763953317963
0.12653747741588905,0.1224529029737778
0.12493930367693735,0.12024132037697073
0.1246249816885594,0.12028741637775188
0.12668797304555887,0.12201674886469023
0.1257038429610826,0.12092304311733955
0.12512163679867272,0.1207637579959947
0.12641618243078276,0.12133580741247145
0.12537814346403628,0.12130143073392224
0.12569007275745828,0.12105176033986058
0.12555017334830834,0.12124791249572593
0.12555129645002178,0.12138991161677767
0.12493969432101228,0.12057536989110773
0.12623111480052787,0.12137711802334045
0.12619395478294912,0.12089804189657533
0.12559905268811902,0.12152346305971888
0.1265205332291623,0.12094384491430185
0.12603589042433638,0.12103047023780325
0.1260592802382924,0.1211007861711999
0.1257995507593147,0.12172996728355795
0.12477567264026655,0.1201646076468572
0.12514263391767194,0.12062039162068362
0.12683724791249562,0.12222676888519945
0.12509394989989714,0.12068118560476568
0.1258570242687632,0.12134669661604415
0.1262266223936716,0.12230118658137545
0.1263706235656036,0.12152204697494932
0.1256778162996235,0.1213024073441079
0.12660417989159575,0.12202290150886205
0.1264398652277943,0.1219129840324226
0.12725616485179875,0.12187997460813513
0.12630362810684112,0.12192572879535088
0.12498974559304622,0.11976961765711187
0.1256405586210257,0.12129337369988695
0.12645627227892092,0.12143986522779288
0.12560017578983368,0.1199865716099413
0.12432228136139492,0.12011235900190376
0.12614922603642784,0.12187929098100388
0.12495439230431135,0.1207725963181792
0.12564202353630638,0.12105942672982012
0.12693666682943536,0.12217618047756212
0.12516509595195055,0.12003344889887173
0.12498203037257676,0.11993378582938592
0.12648605888959438,0.12143571463450333
0.12587943747253244,0.120790272962547
0.12586376287904616,0.12132384393769187
0.1268507739635712,0.12160525416279988
0.12484803945505095,0.12061340885785413
0.1264201377020357,0.12084921138727435
0.12669568826602898,0.12184369353972335
0.12528272864885906,0.12091576737145265
0.1264836661946388,0.1208194736071088
0.12599999999999967,0.12129874505590985
0.12548088285560868,0.11987040382830985
0.12544767810928356,0.12131441964939528
0.12586488598075998,0.12186273743835024
0.12594740954148187,0.12087284535377665
0.12575120855510513,0.12168240636749815
0.12666673177401247,0.1214268274818098
0.12495878705014933,0.12043849797353275
0.12590658723570508,0.12051945895795554
0.12613506518872974,0.12189296352360884
0.12555442160261782,0.1212509399873032
0.12533932320914126,0.12091127496459753
0.12631891205625267,0.12040172860002805
0.12560188485765836,0.12071204648664535
0.12563826358708893,0.12096088676204934
0.1274055862102651,0.12213862981590773
0.1259304165242446,0.12096689291469186
0.1257703501147519,0.12108516040822268
0.12575242931783778,0.12096210752478055
0.12602563601738376,0.12081976659016537
0.12524581278382765,0.1205232677376822
0.12707358757751785,0.12138966746423127
0.12538493090482875,0.12074842521607412
0.12543268714292674,0.12134718492113787
0.12576029102983471,0.12129420381854575
0.125627227891987,0.12074969480931624
0.12572034767322604,0.12107666389960373
0.12681288148835454,0.12146603838077967
0.12495654084672142,0.1199802236437326
0.12492983055813205,0.12053903999218732
0.12646144831290498,0.1216913423506998
0.12576029102983546,0.12100634796620825
0.12587933981151353,0.12118125885052912
0.12746603838077927,0.12196401191464346
0.12566282533326809,0.12053459641583993
0.12569002392694925,0.1209597148298256
0.1264243371258356,0.12223897651252495
0.12572269153767252,0.12187577518433453
0.1255858196200976,0.12071385321548855
0.12660818399335952,0.12148693783876112
0.12448420333024073,0.12059177694223285
0.12586439767566707,0.12062825333268125
0.126293520191416,0.12171126519849572
0.12558772400996102,0.12134015332779867
0.1258107817764541,0.12109170369646853
0.12624117388544354,0.12173060208017865
0.1261230528834412,0.12066263001123118
0.12522667122417974,0.1211283754089547
0.12551862883929896,0.12109326627276615
0.12547526734703812,0.12128692807265826
0.12588236730309182,0.12086478831974135
0.1251907807998428,0.12144631085502118
0.12584564676009422,0.12091176326968965
0.12531656819180576,0.12088886176082775
0.12658542897602446,0.12174173543629947
0.1251037160017586,0.12058464768787455
0.12476307436886495,0.12056687338248925
0.12602797988182995,0.1209270960496122
0.1247775770301279,0.12045422139752793
0.1256620440451202,0.12109272913716355
0.12574393280921908,0.12180155281019482
0.12582933736998853,0.12198955027100833
0.12548444748278725,0.12098334879632765
0.12625504175008534,0.12169905757117006
0.12500922896625846,0.12086674154011445
0.12519947263049885,0.12149382294057165
0.12589120562527473,0.12070145026612587
0.12507646857756724,0.1204218956003702
0.12473348308022833,0.1210976610186041
0.12666023731627493,0.12157160994189135
0.12510796425606718,0.12031959568338176
0.12505796181454135,0.12047302114360972
0.12611094291713482,0.12141090873577765
0.12493857121929725,0.1212486937838757
0.12581625079349526,0.1217952536744946
0.12598168855901176,0.12138600517603397
0.12454924556863152,0.12052922505981647
0.12461174862053798,0.12076116997900167
0.12582694467503328,0.12124884027540295
0.1254088578543865,0.12057571170467365
0.12483495287855792,0.12114868890082478
0.12672801406318646,0.12193178377850375
0.12587142926900718,0.12119336881683593
0.12552688119537106,0.12088783632013213
0.1258897407099955,0.1210983934762437
0.12552346305971995,0.12197177596562316
0.12565647736705882,0.1205910444845935
0.1259788563894723,0.12209170369646966
0.12503247228868533,0.12030011231016988
0.12568387128277686,0.1210469749499476
0.1255897260608438,0.1215051516187318
0.1257757214707751,0.12093988964304801
0.1257045265882122,0.12124288295326853
0.1268510669466286,0.12149904780506893
0.1252914204795158,0.12103647639044822
0.12448679134723364,0.12062888812930322
0.12657493041652426,0.12196381659260674
0.12539831046437755,0.1207601933688158
0.12525006103813655,0.12032926412422415
0.12613882513794608,0.12215459739245042
0.12540998095610187,0.12121099663069415
0.1258241613360029,0.12057820206064634
0.12579901362371226,0.1216232726207329
0.12592592411738898,0.1210342301870196
0.12583334147175165,0.120807900776404
0.12659280238292855,0.12186703452316815
0.12472132428341212,0.12084774647199452
0.12611768152741865,0.12159216758630717
0.1262262805801067,0.12158293862004932
0.12489262171004464,0.12036710776893388
0.12586991552321938,0.12142492309194634
0.12556535963670018,0.1216129205527607
0.12478065335221394,0.12130401875091483
0.12505161384833166,0.12046227843156407
0.12703808779725553,0.1219209922359494
0.12556023243322406,0.12123179842765658
0.12516651203672022,0.12154753650080495
0.12588339274378488,0.12127306020801727
0.12457815323013745,0.12016656086722867
0.12742150495629745,0.1224871819913071
0.12902539186483752,0.1232673470384289
0.12800239269495625,0.12288642023536166
0.1263857610234872,0.12259348601005812
0.12735016358220586,0.12301494213584566
0.1275288832462519,0.1224624249230916
0.12588451584549995,0.12151442941549853
0.1254342008887154,0.12026256164851735
0.12598583915230308,0.1220011719322226
0.1261604570535674,0.12071478099516525
0.12522593876654234,0.12106885101811495
0.12541886810879518,0.12051740807656602
0.1248762146589191,0.12017754773182232
0.125121294985107,0.12087577518433455
0.12641335026124295,0.12203286293275947
0.12596703940622092,0.12045671175350273
0.12511104057815334,0.1199677230333516
0.12583475755652074,0.12188544362517602
0.12580145514917734,0.1208488207431999
0.1253288734801506,0.1206959324185744
0.1232149030714394,0.11903891791591308
0.125443722838029,0.1218289467259142
0.12535538844670144,0.12099633771180092
0.12667312857073132,0.12197685433859025
0.12637262561648446,0.12101044972899053
0.1255063235509547,0.12088012109966202
0.12647619512671512,0.12184535377704064
0.12600083011865845,0.12089257287953425
0.1252317007666383,0.12116592607060805
0.1270157722545048,0.12150632355095352
0.12530636261536254,0.12109126422188515
0.12568440841837947,0.1217056985204348
0.12607993554372707,0.12288441818448086
0.12606924166219055,0.12183216953952775
0.1252979637677618,0.12089428194736038
0.1269364715073974,0.1211906343083151
0.12589486791347254,0.121146345036379
0.12607392939108367,0.12207397822159273
0.1265735631622634,0.1227847062844862
0.12620635773231012,0.12091996679525267
0.12659211875579782,0.12189833487963125
0.12728707456418722,0.12228902778455948
0.12725128180086864,0.12174237023292135
0.1263736998876895,0.12197617071146052
0.126847990624542,0.12195951950778755
0.1255109624493387,0.12113281898530112
0.1260855022217883,0.12149924312710512
0.12717447140973592,0.12248610772010313
0.1269920894574931,0.12131500561550808
0.1267297719615223,0.1222984032423452
0.1264460178719662,0.12224000195321967
0.12559622051858044,0.12105239513648132
0.12560779334928499,0.12099653303383925
0.1269813955759553,0.122795839640607
0.1262835587675179,0.12125860637726407
0.1264504614483127,0.12133981151423365
0.1279371551345278,0.12136730309097014
0.1259117632696911,0.12122169051223194
0.12604321500073265,0.1213462083109517
0.12717920796913834,0.122383856633624
0.1261089896967614,0.12106723961130784
0.12582289174276015,0.12149226036427535
0.12655202890766135,0.1219478490160646
0.12631481029347147,0.12061458079007607
0.12565618438400294,0.1214589579569306
0.1274049025831342,0.1222546999365193
0.12672308218174685,0.12082367303090932
0.12699096635577922,0.12157483275550462
0.1266772303335128,0.12212695932418427
0.12598862249133225,0.12071150935104268
0.12627501342838973,0.12080887738659014
0.12655002685678013,0.12152277943258807
0.1262413692074814,0.12180892621709978
0.12522403437667814,0.12099091752526883
0.1264621319400361,0.12131798427657466
0.12578460862346758,0.12086644855705785
0.12624669173299316,0.1210833536793786
0.12666971043507882,0.12171375555447013
0.12726915376727346,0.12214199912104964
0.1264071976170717,0.1217445187753292
0.12675369891107882,0.12265032472288676
0.12614097368035598,0.12079979491185965
0.12651911714439235,0.12173128570730922
0.1270208994579813,0.12212915669710442
0.12657444211142962,0.12195209727037405
0.12645065677035006,0.12192060159187422
0.1268643488451582,0.1221619707993546
0.125720103520679,0.12147873431319785
0.12659895502710033,0.1217650764197469
0.12788515064212144,0.12302060647492476
0.12592714488012113,0.12100678744079278
0.1257623419112263,0.12086137018408995
0.12761838956980315,0.12270335465598907
0.1264010938034073,0.12207578495043725
0.12602544069534544,0.1214745348893984
0.12706650715366988,0.12258767517945215
0.12691278871038542,0.12194584696518332
0.12661926851896999,0.12117588749450504
0.1270089359832026,0.1225177498901314
0.12613765320572295,0.1208229405732698
0.1270860881879004,0.12176033986034453
0.12776219541969747,0.12302236437325985
0.1261728111724204,0.1210695834757544
0.1266121392646123,0.12154450900922788
0.12666785487572646,0.12219078079984308
0.1256892426388014,0.1206631183163228
0.12609849113726174,0.1218360759802722
0.12667014990966374,0.1216029102983544
0.1266279603496271,0.1214128619561499
0.12615093510425274,0.12205049074661815
0.12766096977391475,0.1217579471653876
0.12512173445969013,0.1208271888275784
0.12583104643781434,0.1214208701596758
0.12682289174276132,0.12278241125054913
0.12555715611113769,0.12054382538209768
0.12600869183065574,0.12173289711411565
0.12636691244689574,0.12207461301821285
0.12602104594951016,0.12068885199472605
0.12598471605058809,0.12136935397236145
0.12645656526197532,0.12225777625860534
0.12643395673616803,0.1213587577518432
0.12591630450705601,0.12083656428536448
0.12651232970359835,0.12200405293227175
0.1258832950827678,0.12146735680453084
0.12543088041408232,0.12100849650861767
0.12670159675765366,0.12228678158113157
0.12640583036281067,0.12098422774549453
0.1257065774696039,0.12161653401044907
0.1268718687435903,0.12206240539088765
0.1253240880902381,0.12145427022803798
0.12664470921431736,0.12184418184481514
0.1269875970506369,0.12127281605547108
0.12643664241418154,0.12170193857121928
0.12624258997021284,0.12082533326822525
0.12725137946188786,0.12208672298451988
0.12650881390692922,0.12150627472044477
0.12660090824747292,0.12159504858635566
0.1275556911958592,0.12238312417598456
0.1259248986766939,0.12124425020752855
0.12693871771082493,0.12209458469651754
0.12723590019043826,0.12193529957517366
0.12619507788466233,0.12211802334098296
0.12711411690023985,0.12202548952585493
0.12671204648664508,0.12245749304165293
0.12646901704184754,0.1214969480931685
0.1262675911909763,0.12158904243371167
0.12712236925631135,0.12244919185507072
0.1266125299086862,0.12139728502368174
0.12612710581571293,0.1209834464573464
0.12780501977635728,0.12276707847062784
0.12641564529517998,0.12134879632794468
0.12609287562869276,0.12107002295033922
0.1274333219395479,0.1224396699057568
0.1268261633868843,0.12237413936227215
0.1252860491234912,0.12083270667513013
0.12715552517212725,0.12237931539625915
0.1263940133795596,0.12124664290248513
0.12562488402754018,0.1211645588163477
0.12844577371941954,0.12306665364519688
0.12603740417012552,0.12209717271351148
0.12638351482006008,0.121403877142438
0.12667552126568787,0.12274857170760302
0.127029102983545,0.12219014600322188
0.1254852776014454,0.1213343913277012
0.12782562625128108,0.12242292104106607
0.12626295229259238,0.12176576004687632
0.12650490746618373,0.1211282777479356
0.12686073538746956,0.12201601640705136
0.12664856682455267,0.1219653791689032
0.12694999755847378,0.12167723033351187
0.12682098735289804,0.12233126617510515
0.12626353825870335,0.1219982421016648
0.12523546071585434,0.12160022462034213
0.12684247277699048,0.12258826114556275
0.12554348356853354,0.12127442746227825
0.12627564822501122,0.12131866790370513
0.12673011377508606,0.12233624688705405
0.12588446701499073,0.12092773084623185
0.1259959958982374,0.12202968894965605
0.12670794472386415,0.12225699497045694
0.12619087846086313,0.12190375506616477
0.1261348698666921,0.1217415889447724
0.12755276136530144,0.12299072220323233
0.12561394599345752,0.12129830558132658
0.1251549392060154,0.1211429757312348
0.12669803213047665,0.1216540358415922
0.12655256604326456,0.12157029151814053
0.1256609209434037,0.12087831437081847
0.12707095073001573,0.12283031398017423
0.125680550808146,0.12155124761951193
0.1273558279212853,0.1220770057131692
0.1266259582987458,0.12258664973875667
0.1255557888568776,0.11997573123687635
0.12668235753698895,0.12085907515015296
0.12622979637677556,0.12261707114605208
0.12712920552761384,0.12154070022950347
0.12648962351677362,0.1211251525953409
0.12739572244738526,0.12160198251867672
0.12592480101567524,0.12111372625616375
0.1268768494555405,0.1227016944186724
0.1268854924556859,0.12163997265491396
0.12633033839542973,0.12096503735533835
0.12612944968016054,0.12201953220372096
0.12643498217686286,0.1209812002539178
0.12608389081498111,0.12165476829923284
0.12708721128961334,0.12243415205820506
0.12630436056448033,0.12097001806728748
0.1262410273939156,0.12145534449924207
0.1278027735729278,0.12191562087992527
0.12640890668489507,0.12156467600956967
0.1259632794570049,0.12081761804775586
0.12683988475999722,0.12263298989208316
0.1255703891791593,0.12128941842863306
0.12666341129937905,0.12173509448703528
0.12766219053664546,0.12214170613799435
0.12666883148591268,0.12136915865032433
0.12627247424190655,0.1219316861174858
0.12704004101762714,0.1222732066995456
0.12561492260364196,0.12122813613945875
0.1265021729576641,0.12112261340885702
0.12701748132233093,0.12264666243468796
0.12554958738219596,0.12155456809414494
0.12577572147077512,0.12098823184725772
0.1267201523511895,0.12234806387030538
0.12551965427999426,0.12138288002343768
0.1256643879095653,0.1220529322720822
0.1266192685189715,0.122575760535181
0.12556599443332128,0.12169573709653675
0.1261616778162998,0.12183085111577655
0.12730128424239415,0.12240290053225154
0.12533707700571325,0.1218021387763069
0.12611802334098268,0.12084550026856715
0.12723575369891027,0.12260730504419035
0.12600996142389773,0.1206040822305774
0.1264236534987058,0.12142233507495452
0.12731188046291358,0.12248312905903505
0.12711963474778962,0.12219917964744335
0.12712710581571332,0.12216592607060768
0.12730572781874186,0.12274974363982682
0.12752468382245175,0.12195068118560384
0.1264458713804386,0.1218528736754714
0.12746877288930075,0.12313340495141345
0.12698286049123428,0.12211836515454826
0.12732687142926874,0.12288588309975962
0.12694804433810233,0.12198149323697376
0.12689350065921207,0.1216819668929144
0.12724298061428807,0.12164661360417968
0.1271732018164954,0.12260642609502362
0.1264253137360225,0.12182264759021412
0.1260913130523949,0.12211152888324507
0.12779896479320305,0.12272039650373552
0.1271788661555743,0.12244743395673555
0.1261467845109615,0.12164929928219115
0.12751555251721286,0.12272571902924925
0.12596484203330274,0.12190482933736875
0.12665022706186882,0.12207178084867353
0.12631085502221745,0.12237389520972605
0.1255221934664781,0.12104467991601048
0.12720870159675685,0.12142922017676573
0.1278944284388891,0.12278162996239934
0.1263058254797596,0.12192060159187401
0.1272490355974422,0.1221986913423504
0.1275448508227936,0.12267312857073005
0.12690541530348154,0.1216808926217092
0.1260926803066551,0.12187826554030863
0.12719610332535827,0.1228025782508907
0.12591034718492122,0.12137785048097885
0.126334440158212,0.12098574149128295
0.12788974070999606,0.12230074710679155
0.12649841300844772,0.12196083793153847
0.12549230919478535,0.12014234093461501
0.12562307729869593,0.12122149519019475
0.1256502758923778,0.12121236388495404
0.1270679232384395,0.12283324381073175
0.1264210654817128,0.12247770887250325
0.12780672884418126,0.12305620391620595
0.12799560525416254,0.12315928512134315
0.12648771912691,0.1222989403779475
0.12670438009668522,0.1226141901460025
0.1258005273695004,0.12156775233165625
0.12533033839542926,0.1222263782411246
0.12638727476927591,0.12255002685677928
0.12692128521900434,0.12190312026954335
0.12649426241515685,0.12182298940377755
0.1271146540358409,0.12264109575662817
0.12688534596415846,0.12233497729381175
0.12630641144587165,0.1219148395917765
0.1265337174666733,0.12135939254846323
0.1270646515943169,0.12134786854826858
0.12648444748278745,0.12176375799599458
0.1268348552175409,0.12159304653547445
0.12711646076468527,0.12192265247326507
0.1264623272620729,0.12111255432394155
0.12765476829923275,0.12322115337662813
0.12717159040968826,0.12254192099223625
0.1257476439279271,0.1222326285463144
0.12614395234142342,0.12133917671761188
0.1263584159382789,0.12179832999658052
0.1257805068606869,0.12218750915572064
0.12685380145514866,0.12246476878753723
0.12709570779823232,0.1210448264075386
0.12623721861418982,0.12139025343034232
0.12573602226671202,0.12149479955075905
0.12650949753405966,0.1214550515161867
0.12811367742565588,0.123549050246594
0.12706953464524667,0.12155901167049125
0.1270273450852094,0.1218173738952089
0.12633605156501726,0.12092914693100215
0.12639962888812878,0.12223756042775374
0.1260414082718874,0.12106006152644187
0.12611738854436286,0.12151452707651628
0.12669417452024026,0.12271238830020978
0.12556648273841453,0.12047712290639045
0.1258249426241511,0.12184496313296544
0.12598652277943245,0.12200341813565005
0.12553064114458742,0.12172845353776927
0.1265840617217629,0.12057995995898176
0.12694960691439972,0.12157058450119575
0.12623502124127076,0.12209199667952465
0.12601875091557166,0.12143000146491495
0.12640485375262367,0.12191679281214872
0.12681629962400562,0.12177157087748305
0.12584174031935133,0.12165330338395307
0.1270733434249715,0.1223817569217242
0.12565003173983014,0.12176209775867915
0.1272769178182516,0.12149880365252246
0.12633517261585034,0.12198579032179177
0.12534484105669216,0.12114727281605515
0.12575394306362606,0.12062776502758793
0.12685209238732315,0.122350505395771
0.12628092192001442,0.12108950632355114
0.12628741637775254,0.12157922750134205
0.12616626788417426,0.12188729918452974
0.12557883685726828,0.12157844621319325
0.1265143805849896,0.12116299624004932
0.12607793349284618,0.12266385077396272
0.1264065139899407,0.12140685580350495
0.1268246008105866,0.1220071292543576
0.12558953073880585,0.12137496948093035
0.1263204746325502,0.12188427169295235
0.1258428145905557,0.12149431124566512
0.1270021485424089,0.12228824649641107
0.12559460911177306,0.12203032374627495
0.12624395722447398,0.12179085892865835
0.12636124810781768,0.12187885150642135
0.12637326041310634,0.1214560281263728
0.1262126080375021,0.12166980809609805
0.1259567849992682,0.1221540114263382
0.12716021290102109,0.12176668782655314
0.12650100102544048,0.1216235656037878
0.12565652619756806,0.12095336686361495
0.1258996533033848,0.12116436349431108
0.12538854436251728,0.12176854338590748
0.12657117046730829,0.12193466477855285
0.12654416719566386,0.12186337223497262
0.12612598271399947,0.12153503589042484
0.12569393036769322,0.12100761755945025
0.12530172371697829,0.12114722398554625
0.1262905415303481,0.12167820694369805
0.12714356169734864,0.12243327310903733
0.12702436642414172,0.12099907222032336
0.1263027979881828,0.12171468333414695
0.12566722007910552,0.122071780848673
0.12641090873577804,0.12144274622784215
0.12661726646808955,0.12178705014893294
0.12716783046047195,0.1228403730650909
0.12635548610772074,0.12148884222862395
0.1264112993798523,0.1213877142438588
0.12584183798036985,0.12180321304751153
0.12720669954587627,0.12186473948923185
0.1267421260803752,0.12142863421065488
0.1267849016065242,0.12248122466917268
0.12679886713218405,0.12231524976805458
0.12708066800136816,0.12137848527760055
0.1260569852043556,0.1215248303139788
0.12637262561648524,0.1214601787196632
0.1267725963181798,0.12139494115923542
0.12608296303530386,0.12118233312173472
0.12731827725963174,0.12203808779725504
0.1269355925582305,0.12161140680697224
0.12602324332242718,0.12212910786659488
0.12665511011279965,0.12201679769519964
0.1264291713462582,0.1217567752331652
0.12627096049611822,0.12226095024171013
0.12657629767078465,0.1212160750036626
0.1269488744567603,0.12192826798183515
0.1258909126422188,0.12089467259143398
0.1264834708726015,0.1225146247375359
0.12616201962986498,0.12104492406855685
0.12632545534449954,0.12222960105473922
0.12634791737877826,0.1217403681820392
0.12587855852336524,0.12172068948679166
0.1254568582450309,0.12160696323062635
0.12685433859075138,0.12226431954685207
0.12693544606670262,0.12217974510474215
0.12676746911470266,0.12189735826944545
0.1264834220420915,0.122258313394208
0.1272098246984714,0.12184330289564944
0.1270240246105764,0.12207309927242485
0.12792157820206035,0.12230338395429433
0.12623531422432582,0.12209980956101385
0.1261194394257533,0.12219527320669893
0.12784769764148696,0.12271795497826996
0.12685790321793036,0.12188290443869232
0.1272518677669808,0.12228800234386313
0.12532164656477368,0.12131148981883867
0.12719566385077408,0.1221431222227634
0.12654509497534008,0.12182499145466008
0.12672298452072855,0.1217050637238144
0.12649123492358036,0.12195727330435938
0.12666780604521574,0.1221451731041546
0.12751770105962235,0.12254133502612374
0.12625421163142786,0.12188959421846618
0.12571268128326527,0.12235616973484993
0.12648361736412914,0.1218358806582346
0.12707368523853754,0.12265887006201445
0.1258879828116596,0.12190556179500972
0.12692724254114005,0.1218670833536791
0.1267876849455545,0.12230274915767292
0.12630533717466655,0.12176898286049047
0.12663552907856765,0.12125093998730382
0.1264406465159436,0.12212617803603598
0.12775404072464486,0.12259451145075398
0.12599848625421164,0.12202885883099684
0.1269849602031346,0.12214658918892525
0.12652077738170786,0.1225053957712773
0.1267656623858582,0.12176073050441932
0.12728458420821356,0.12170164558816407
0.12707739635724338,0.1222177840714868
0.12724820547878385,0.12205591093315075
0.12454333707700599,0.12094892328726865
0.12629601054738965,0.12231026905610555
0.12659597636603356,0.1217479369109808
0.12742253039699167,0.12320596708823653
0.12651887299184478,0.1215969041457098
0.12676502758923766,0.12166941745202355
0.1274379608379316,0.1235826456369932
0.1265018799746072,0.12158547780653273
0.1267608281654383,0.1225911421456123
0.12783221837003772,0.12299438449142913
0.12778748962351685,0.1218881293031891
0.1270100102544077,0.12239791982030387
0.12789682113384446,0.12233824893793535
0.12737286976903112,0.12173812197861175
0.12760876995947013,0.12274984130084372
0.12773651057180552,0.12267171248596052
0.12748342204209204,0.12231705649689867
0.12655818155183313,0.12143048977000775
0.12718467698618094,0.12345099858391513
0.127168416426584,0.12263323404463025
0.12690487816787993,0.12241720787147713
0.12539201132867847,0.12159211875579848
0.12615962693490887,0.12295536891449728
0.1280313491869723,0.12371063040187505
0.12828936959812487,0.1244617412959616
0.12885643830265112,0.12402631964451365
0.12704560769568815,0.1223027979881827
0.12880213877630728,0.12399321255920788
0.1270249523902524,0.12273353191073767
0.12660911177303538,0.12261096733238885
0.12819834952878628,0.1236562332145108
0.12665628204502188,0.12160276380682608
0.12615103276527134,0.12240265637970585
0.12718946237609235,0.12342980614287816
0.12672640265637894,0.1219607891010292
0.1267400263684753,0.12206982762830147
0.12786420235363086,0.12376961765711104
0.12600576200009753,0.12154621807705447
0.12627926168269918,0.122046633136383
0.12780990282728572,0.12279373992870687
0.12659402314565968,0.1220883343913269
0.12639782215928522,0.12084803945504945
0.1276975926558917,0.12334811270081507
0.12663001123101672,0.12207314810293465
0.12634034864983631,0.12274564187704352
0.1270311538649348,0.12424429903803792
0.1273527027686903,0.12275130621612312
0.12784843009912633,0.1227427608769959
0.12708227940817526,0.12258030177254747
0.12721802822403444,0.12241339909175207
0.12693959665999294,0.1228017969627418
0.1285872357048685,0.12374280970750473
0.12767498413008538,0.12315596464671015
0.1288986278626889,0.12342438595634507
0.12809468235753732,0.1233211094291714
0.1270448752380493,0.1220126471019089
0.12814737047707342,0.12298344645734588
0.12753464524635058,0.12292358025294048
0.12688046291322894,0.12191669515113025
0.12727218125885084,0.12251457590702587
0.12785204355681495,0.12259011670491698
0.12696137506714145,0.122322867327505
0.12739162068460336,0.12261096733238827
0.1279114702866349,0.12356926607744513
0.1265994433321946,0.1230206553054338
0.1266277650275901,0.12243874212608025
0.12772557253772074,0.12349533668636105
0.1279829093217446,0.12265867473997764
0.12764163289223107,0.12268997509644035
0.12714780995165784,0.12233907905659427
0.12697353386395793,0.12228556081839854
0.12784408418379886,0.12240978563406332
0.1283334147175161,0.12344303921089872
0.12785834269251414,0.12280794960691402
0.12714063186678995,0.12174398163972815
0.12732482054787914,0.12250871624590952
0.12700849650861873,0.12230025880169862
0.12790399921871215,0.12281903413252515
0.12820533229161565,0.123653987011085
0.1283400556667809,0.12247853899116196
0.12680116216612114,0.12200424825430868
0.12891371649006222,0.12376956882660267
0.1278427657600472,0.12279979491186105
0.1282335563259916,0.12287333365886895
0.12863259924801054,0.12329986815762473
0.12846144831290598,0.1230109868645928
0.1276597001806728,0.12228199619121938
0.12819141559646466,0.12370931197812353
0.12725753210606042,0.12163489428194653
0.12843254065139953,0.12264837150251474
0.12918882757947114,0.1233798525318617
0.12836784022657285,0.1220984911372624
0.12844855705844985,0.12150793495776095
0.1278970652863908,0.1232695932418567
0.12828443771668607,0.12173050441916028
0.128630792519166,0.12241149470188878
0.12813286781581212,0.12238698178621885
0.12901127984764962,0.12191576737145382
0.1288953073880564,0.121814395234141
0.1287651740807653,0.1238271399970698
0.1287436398261627,0.12228297280140615
0.12772405879193394,0.12222247180038193
0.12944377166853924,0.1230380389667455
0.12821998144440624,0.1225611113823904
0.12859050734899166,0.121408320718785
0.12903940622100632,0.12258049709458373
0.12788764099809571,0.12231207578494968
0.12770677279163992,0.12265491479076045
0.1292647101909271,0.1233824893793639
0.12780379901362254,0.12238361248107713
0.12804472874652054,0.12174534889398872
0.12910977098491142,0.1229989257287952
0.12898520435568134,0.1227962791151912
0.12762341911226155,0.12116001757898252
0.12881483470872493,0.1228733824893786
0.12816397285023715,0.12295336686361505
0.12761770594267338,0.12168113677425745
0.1286719566385076,0.12292538698178584
0.12802910298354436,0.12188803164216848
0.12872078714781102,0.12293388349040373
0.12849606914400147,0.12289936032032753
0.12881698325113547,0.12230343278480335
0.1297987206406556,0.1220991259338831
0.1287157087748429,0.12330011231017153
0.12745998339762685,0.12238873968455452
0.12807466184872293,0.12274593486010026
0.12850871624591054,0.12284086137018398
0.12773836613115758,0.12207466184872187
0.1275334733141265,0.12196283998242062
0.12954201865325413,0.12258909126422116
0.127910981981542,0.12229854973387293
0.1285330826700527,0.1219436495922646
0.13028062893696088,0.12287767957419694
0.12903530445822647,0.12182015723423882
0.12852409785634045,0.1213918648371496
0.12913989940915033,0.12297524293178345
0.12965291273987936,0.12270574735094428
0.12912739879876886,0.12205400654328713
0.1301737877826069,0.12310537623907375
0.12917422725719058,0.12230567898823112
0.12979896479320413,0.12281634845451415
0.13063142731578736,0.12294750720249968
0.12897392450803266,0.12225040285170136
0.12919512671517278,0.12224141803798876
0.13049113726256098,0.12325245373309232
0.12956101372137346,0.12302451291566828
0.12988700620147434,0.1223959177694216
0.13015391376532093,0.12287064798085807
0.12853327799208913,0.12279627911519078
0.1291602617315297,0.12185160408223054
0.13017095561306682,0.12340963914253528
0.12889520972703794,0.12170911665608546
0.12915025147712206,0.12277225450461372
0.13026270814004495,0.1230316421700275
0.12922086039357425,0.12223126129205444
0.12906767908589328,0.12202275501733395
0.13066082328238676,0.1236692221299867
0.1289857903217928,0.1220953171541576
0.12951101127984774,0.12195956833829776
0.13035997851457692,0.12351901948337347
0.1292632452756476,0.1220767127301134
0.13018492113872765,0.12219668929146843
0.1292030372576793,0.12345217051613774
0.12872112896137494,0.1226395820108388
0.1286611650959525,0.1221672444943595
0.13022637824112562,0.12358694272181164
0.1290598662044044,0.12170975145270725
0.12823673030909716,0.12218814395234068
0.12895214610088288,0.12274193075833705
0.1283099272425403,0.12150676302553835
0.12747892963523585,0.121832120709019
0.12977127789442958,0.12367356804531406
0.12772918599540978,0.12175531031788607
0.12840382831192967,0.12185927047219088
0.12990160652375682,0.12348571707602908
0.1286927096049617,0.12185311782801865
0.12820650422383936,0.1211012256457832
0.128967869524879,0.12234752673470345
0.12854636456858254,0.12266482738414825
0.12861419014600278,0.12185292250598058
0.12953088529713422,0.12289740709995675
0.1288536549636213,0.12169925289320735
0.12881043996288902,0.12226646808926205
0.12992563113433347,0.12349558083890708
0.12840397480345744,0.12250837443234468
0.1277950095219492,0.1211140680697296
0.12966380194345445,0.12299189413545522
0.12762903462083033,0.12130997607305012
0.12762410273939112,0.1221913667659549
0.1286233702817534,0.12211665608672233
0.1284387421260806,0.12277503784364373
0.12820372088480952,0.12285160408223066
0.12837775281996244,0.12168147858782108
0.12891127496459667,0.12225299086869434
0.1289313931344306,0.12292499633771188
0.12941110405781578,0.12196816250793475
0.12810840373065144,0.12159626934908845
0.12980321304751186,0.1224096879730445
0.12932760388690953,0.12206343083158284
0.12883988475999775,0.12087440793007465
0.1289849113726266,0.12229552224229648
0.12869759265589098,0.12164744372283785
0.1299256311343339,0.12331422432735975
0.1288804140827184,0.12247277699106356
0.12907886127252327,0.12207798232335502
0.12956531080619205,0.12289296352360875
0.12965071536696074,0.12175955857219622
0.12903667171248548,0.12224195517359154
0.1299316372869774,0.12346320621123982
0.12961965916304474,0.12270579618145468
0.12911602129010252,0.12227154646222872
0.1294994384491439,0.1235361589921378
0.12876366033497674,0.12214492895160844
0.12865066653645274,0.12184921138727432
0.13085228770936014,0.12349870599150355
0.12865603789247612,0.12157483275550457
0.12875677523316598,0.12214414766346016
0.1292709604961174,0.12298090727086247
0.12867473997753792,0.12231251525953366
0.12897939352507426,0.1221930270032714
0.12921285219004772,0.12311978123931792
0.12865843058743046,0.12229850090336405
0.1289011182186627,0.1217364617412974
0.12988002343864438,0.12295605254162785
0.1294945065677047,0.1231084037306494
0.12904301967869453,0.12253664729723145
0.12941037160017596,0.12377201035206675
0.12936481273499614,0.12247287465208223
0.1286835294692123,0.12306518872991708
0.13041828214268258,0.123679183553884
0.12843879095658906,0.1222950339372038
0.1288256750817917,0.12187348015039705
0.12913281898530274,0.12306767908589294
0.129107622442502,0.12174051467356735
0.12853728209385226,0.12215093510425228
0.12944904536354326,0.12249147907612624
0.12893446945651624,0.12212100200205052
0.1289604961179745,0.12231481029347105
0.1297933492846324,0.12331002490355825
0.12808267005224888,0.12159836906098942
0.12836867034523167,0.1223322427852925
0.12845988573660705,0.12293920601591825
0.1283658870062014,0.1223506030567887
0.12766267884174132,0.12257712778944152
0.1287681039113249,0.12242936666829418
0.12743766785487592,0.12174095414815148
0.1283845402607551,0.12190155769324673
0.12932457639533235,0.12378675716587725
0.12735123785341038,0.12168597099467665
0.12773382489379384,0.12229415498803575
0.12850695834757525,0.12271736901215816
0.12817803603691594,0.12189765125250206
0.12767513062161207,0.12173431319888635
0.1290637238146399,0.12340714878656107
0.12859944333219328,0.12241891693930212
0.12828058010645085,0.1220210947800177
0.1288533131500553,0.1236005176033972
0.12884213096342542,0.1222594364959224
0.1279516577957905,0.12221343815615868
0.12894203818545807,0.12304858635675515
0.1288761658284102,0.12277201035206713
0.12808476976414887,0.12199697250842242
0.12875096440255904,0.12366150690951673
0.1285230724156448,0.121120611357976
0.12799243127105922,0.1217731334537823
0.12942204209189906,0.12305224864495265
0.12812642218858286,0.12166419258752666
0.12795810342301833,0.12270276868987745
0.12827725963181866,0.12253137360222717
0.12793363933785926,0.122347380243175
0.12807847062844824,0.12174520240246052
0.12961502026466112,0.12290150886273682
0.1282442502075293,0.1226584305874297
0.12769231896088665,0.1217746471995698
0.12872645148688894,0.12364090043459128
0.1284066604814688,0.12227491576737058
0.12727384149616688,0.122225548122467
0.12909858879828146,0.12396840666048185
0.1282803847844129,0.12264583231603038
0.1285497827042328,0.12306743493334572
0.1293720396503747,0.12310537623907356
0.12639005810830545,0.12181244201376948
0.12722310659700214,0.12248058987255132
0.12881166072562186,0.12308931100151314
0.12840246105766945,0.12159495092533752
0.12809648908638038,0.12231393134430353
0.12883778504809829,0.12400351579666916
0.12795888471116776,0.1227066751306221
0.12838942331168554,0.1225861614336635
0.12872117779188452,0.12366487621465926
0.12855969529762284,0.12254685287367545
0.12772444943600764,0.12282928853947855
0.12903232579715912,0.12304912349235705
0.12846672200791065,0.12330035646271688
0.12870320816446104,0.12288598076077802
0.12971443918160086,0.12452766248352022
0.1271043996288883,0.12188349040480442
0.12766736657063335,0.12229239708970115
0.12883451340397573,0.12332696909028673
0.12817603398603328,0.12238429610820775
0.12833297524293066,0.12245793251623507
0.1271303774598366,0.12212520142585055
0.12642560671907768,0.12185135992968403
0.1278823184725812,0.12302710093266273
0.1284560769568829,0.12290673372723278
0.12801235411885414,0.12247238634698908
0.1273456223448412,0.1221305239513644
0.12716778162996287,0.12317217637579887
0.12719175741002975,0.1216876800625029
0.12897016455881702,0.1228413008447674
0.12825294203818455,0.12217593632501485
0.12803501147516946,0.12177782118267487
0.12713750671419574,0.12264680892621682
0.12820621124078282,0.12287958396405993
0.1278389081498124,0.12351633380536214
0.1274052932272088,0.12199716783045927
0.1271478099516578,0.12270345231700715
0.12834039748034626,0.12235914839591705
0.12784491430245595,0.12241320376971443
0.12790424337125753,0.12277054543678916
0.1282362420040037,0.1222806777674685
0.1279327115581815,0.12259895502710046
0.12772435177498814,0.12285135992968302
0.12727584354704807,0.12234493871771072
0.12795546657551682,0.12274466526685897
0.12764915279066347,0.12255525172127478
0.12750124517798767,0.12270032716441168
0.12829625469993688,0.12261882904438624
0.12776424630108882,0.12220210947800166
0.12757991112847275,0.12137164900629815
0.126803750183114,0.122486205381122
0.12780272474241985,0.12247614629620494
0.12729771961521513,0.12192773084623218
0.12729176229308106,0.12260984423067507
0.12844352751599197,0.12248303139801657
0.12724312710581642,0.12295326920259755
0.12775052492797498,0.1225137946188778
0.12664158406172196,0.12244411348210375
0.12746022755017405,0.12256096489086266
0.12798579032179336,0.12256887543337032
0.12706421211973248,0.1221945895795684
0.1274814688217206,0.12211655842570356
0.12809077591679294,0.1224831290590359
0.12734655012451873,0.12214033888373454
0.12739679671859033,0.12173196933443955
0.12806846037404096,0.12237194198935387
0.12794706772791645,0.12255744909419375
0.12739142536256687,0.12258269446750207
0.1278525318619068,0.1228423262854636
0.1279346647785529,0.12232545534449987
0.12773470384296082,0.12235167732799375
0.12765247326529605,0.12191518140534167
0.12749987792372552,0.12198583915230173
0.12731476146296214,0.1222749645978797
0.1286388983837091,0.12285277601445367
0.1273901069388146,0.12192704721910258
0.12763259924801082,0.12278968699643455
0.12819683578299765,0.1225480248058978
0.12711167537477328,0.1222405390888214
0.12826368475023156,0.12274627667366506
0.12811650959519585,0.12156184384003045
0.1284842521607497,0.12321636798671692
0.12841535231212495,0.12277103374188145
0.12742423946481735,0.12265364519751913
0.12764680892621755,0.12295492943991315
0.12751980077152153,0.12307056008594085
0.1280223155427501,0.12221456125787425
0.12772943014795593,0.12316861174861987
0.12797548708433001,0.12333258459885728
0.12903862493285714,0.1238658625909471
0.12818916939303632,0.12331598222569448
0.12697148298256733,0.1224653547536494
0.12765218028224087,0.1223983592948866
0.12855852336539794,0.12364636945163268
0.12747106792323865,0.12243840031251522
0.12776932467405674,0.12299931637286933
0.1268688900825234,0.12267654670638165
0.1284936764490448,0.12258865178963806
0.12998007715220522,0.12541369207480801
0.12913980174813144,0.12306221006885007
0.1272443966990578,0.122455198007715
0.12836920748083466,0.12307217149274835
0.12854538795839685,0.12322178817325052
0.12986473948923175,0.12453796572098265
0.12983412275990086,0.12395375750769053
0.1290430685092053,0.1232216416817228
0.12903051906831506,0.12372586552077827
0.1286688803164213,0.12214746813809213
0.1293147126324531,0.12367459348600834
0.12988026759119028,0.12334239953122728
0.12923091947849105,0.1232328238683528
0.1281808682064547,0.12350124517798684
0.12846491527906626,0.12345939743151528
0.12864319546852862,0.12212700815469466
0.12889472142194486,0.1237327506225878
0.12824874261438496,0.12367014990966292
0.1295282484496306,0.12332189071731928
0.12862766736657094,0.12399916988134255
0.1285807900776411,0.123039015576932
0.1291191952732071,0.12338908149811932
0.12911709556130638,0.12371302309683027
0.1287331412666639,0.12376400214854255
0.1294685775672632,0.12288637140485385
0.12813496752771172,0.12245260999072168
0.12899892572879545,0.12280511743737495
0.12980194345427035,0.12365423116363028
0.12846799160115208,0.12309878412031862
0.12935880658235308,0.12310674349333398
0.1283537770398948,0.12268069729967256
0.1292532838517506,0.12330509302212002
0.12941544997314386,0.12292856096489048
0.12968211338444285,0.12342057717661947
0.12947409541481553,0.12336569168416422
0.1292877581913178,0.12378919869134147
0.12786923189608942,0.12346042287220944
0.12977596562332153,0.12330929244591962
0.13005791298403266,0.12350476097465632
0.1276192196884617,0.12352785780555688
0.12831925386981788,0.12385599882806685
0.12786327457395408,0.12248684017774318
0.1289493627618541,0.12330343278480416
0.12899516577957987,0.12320225596952855
0.12802959128863708,0.12300830118658135
0.12877020362322306,0.12368626397773345
0.1300543483568533,0.12340583036281035
0.12999897455930404,0.12410605986620328
0.12852868792421526,0.12429752429317815
0.13003296059377872,0.12339049758288913
0.13085956345524707,0.12410718296791767
0.1294923091947849,0.12336842619268465
0.12925880169930234,0.12370335465598865
0.1295620879925779,0.12340954148151675
0.1294231651936137,0.12344318570242585
0.1299441867278673,0.12357004736559328
0.12851965427999432,0.12310063967967146
0.12940763709165554,0.12309331510327624
0.12913145173104193,0.12322759900385767
0.12977137555544685,0.1236474925533464
0.12816914888422246,0.1230832071878509
0.12926002246203466,0.12376864104692582
0.1290874554421594,0.12276180477562405
0.12891176326969153,0.12315464622296016
0.12959558572195798,0.12343830265149605
0.12987211289613795,0.12338566336246785
0.12978104399629045,0.12376053518238092
0.1301765222911274,0.12368235753698947
0.12980545925093975,0.12425284437716723
0.13065208262122174,0.12486669270960453
0.12985975877728406,0.12355202890766102
0.13027281605547072,0.12445055910933207
0.13010444845939725,0.1244729234825916
0.13122803847844078,0.12470286635089553
0.13354411836515453,0.12645304946530525
0.13372606084281538,0.1269422823380047
0.13464592997704966,0.12630636261536185
0.13557395380633794,0.1281745690707546
0.13855481224669242,0.12849528785585254
0.13750227061868325,0.1285959763660342
0.13773275062259016,0.1295924117388538
0.13918365154548534,0.1292790663606622
0.1401576248840289,0.13047424190634407
0.13979955075931502,0.13039894526099946
0.1410692416621912,0.13110103032374631
0.14071697836808472,0.13044030470237905
0.14187973045558852,0.1315764929928227
0.14453811221251234,0.13336788905708355
0.14524981688559127,0.13373343424972006
0.14563225743444574,0.1345991503491376
0.14440807656623902,0.1347103374188196
0.14552951804287392,0.13557273304360593
0.14551525953415753,0.1353692563113442
0.1461515210703653,0.13541442453244856
0.14777489135211702,0.13770047365594082
0.14875907026710344,0.13707974022169012
0.14724693588554155,0.13737316275208875
0.1477604863518732,0.1371542067483763
0.1487382196396305,0.13856653156892382
0.1476908540456083,0.1373287269886216
0.14829342253039673,0.13786112603154402
0.14986029591288685,0.1375564236534995
0.1499565408467208,0.13806763025538366
0.15048386151667592,0.13873138336832924
0.15098857366082422,0.13755627716197136
0.15108799257776345,0.13887899799794956
0.15135807412471478,0.13856120904341068
0.16277181503003155,0.1492137311392169
0.16725802041115406,0.15429967283558854
0.15843210117681586,0.15322618291908952
0.17061804775623815,0.16232501586991605
